quote_date,expiration,strike,option_type,bid,ask,last
2020-01-02,2020-02-01,2930.0,call,333.6785,340.4195,337.049
2020-01-02,2020-02-01,3095.0,call,185.6192,189.3691,187.4941
2020-01-02,2020-02-01,3260.0,call,76.6187,78.1666,77.3926
2020-01-02,2020-02-01,3420.0,call,22.5581,23.0138,22.786
2020-01-02,2020-02-01,3585.0,call,4.2269,4.3123,4.2696
2020-01-03,2020-02-02,2910.0,call,330.667,337.3472,334.0071
2020-01-03,2020-02-02,3075.0,call,182.816,186.5092,184.6626
2020-01-03,2020-02-02,3235.0,call,77.0643,78.6211,77.8427
2020-01-03,2020-02-02,3395.0,call,22.5703,23.0263,22.7983
2020-01-03,2020-02-02,3560.0,call,4.1821,4.2666,4.2244
2020-01-06,2020-02-05,2920.0,call,332.1053,338.8145,335.4599
2020-01-06,2020-02-05,3085.0,call,184.1593,187.8797,186.0195
2020-01-06,2020-02-05,3245.0,call,78.0527,79.6295,78.8411
2020-01-06,2020-02-05,3410.0,call,22.0524,22.4979,22.2751
2020-01-06,2020-02-05,3570.0,call,4.3228,4.4101,4.3665
2020-01-07,2020-02-06,2915.0,call,328.1292,334.758,331.4436
2020-01-07,2020-02-06,3075.0,call,184.7351,188.4672,186.6012
2020-01-07,2020-02-06,3235.0,call,78.2885,79.8701,79.0793
2020-01-07,2020-02-06,3400.0,call,22.0775,22.5235,22.3005
2020-01-07,2020-02-06,3560.0,call,4.3103,4.3974,4.3539
2020-01-08,2020-02-07,2930.0,call,329.0601,335.7078,332.384
2020-01-08,2020-02-07,3090.0,call,185.7014,189.4529,187.5772
2020-01-08,2020-02-07,3255.0,call,76.6033,78.1508,77.3771
2020-01-08,2020-02-07,3415.0,call,22.5171,22.972,22.7445
2020-01-08,2020-02-07,3580.0,call,4.2071,4.2921,4.2496
2020-01-09,2020-02-08,2945.0,call,335.552,342.3308,338.9414
2020-01-09,2020-02-08,3110.0,call,187.3944,191.1801,189.2872
2020-01-09,2020-02-08,3275.0,call,77.9397,79.5142,78.727
2020-01-09,2020-02-08,3440.0,call,22.2166,22.6654,22.441
2020-01-09,2020-02-08,3600.0,call,4.4231,4.5124,4.4677
2020-01-10,2020-02-09,2940.0,call,331.3346,338.0282,334.6814
2020-01-10,2020-02-09,3100.0,call,187.7672,191.5605,189.6638
2020-01-10,2020-02-09,3265.0,call,78.0414,79.618,78.8297
2020-01-10,2020-02-09,3430.0,call,22.1882,22.6364,22.4123
2020-01-10,2020-02-09,3590.0,call,4.3965,4.4853,4.4409
2020-01-13,2020-02-12,2960.0,call,334.1337,340.8838,337.5088
2020-01-13,2020-02-12,3125.0,call,186.3486,190.1132,188.2309
2020-01-13,2020-02-12,3290.0,call,77.4794,79.0446,78.262
2020-01-13,2020-02-12,3455.0,call,22.1328,22.5799,22.3564
2020-01-13,2020-02-12,3615.0,call,4.4294,4.5189,4.4741
2020-01-14,2020-02-13,2955.0,call,334.1217,340.8717,337.4967
2020-01-14,2020-02-13,3120.0,call,186.2818,190.0451,188.1634
2020-01-14,2020-02-13,3285.0,call,77.3706,78.9336,78.1521
2020-01-14,2020-02-13,3445.0,call,23.0467,23.5123,23.2795
2020-01-14,2020-02-13,3610.0,call,4.399,4.4879,4.4435
2020-01-15,2020-02-14,2960.0,call,335.2498,342.0225,338.6361
2020-01-15,2020-02-14,3125.0,call,187.3042,191.0881,189.1962
2020-01-15,2020-02-14,3290.0,call,78.0833,79.6607,78.872
2020-01-15,2020-02-14,3455.0,call,22.3798,22.8319,22.6059
2020-01-15,2020-02-14,3620.0,call,4.2483,4.3341,4.2912
2020-01-16,2020-02-15,2985.0,call,337.8299,344.6548,341.2424
2020-01-16,2020-02-15,3150.0,call,189.7977,193.632,191.7148
2020-01-16,2020-02-15,3315.0,call,80.0009,81.6171,80.809
2020-01-16,2020-02-15,3485.0,call,22.3523,22.8039,22.5781
2020-01-16,2020-02-15,3650.0,call,4.2976,4.3845,4.3411
2020-01-17,2020-02-16,2995.0,call,340.5965,347.4772,344.0368
2020-01-17,2020-02-16,3165.0,call,188.2419,192.0448,190.1433
2020-01-17,2020-02-16,3330.0,call,79.2094,80.8096,80.0095
2020-01-17,2020-02-16,3495.0,call,23.1235,23.5907,23.3571
2020-01-17,2020-02-16,3665.0,call,4.2708,4.3571,4.314
2020-01-21,2020-02-20,2990.0,call,336.8799,343.6856,340.2828
2020-01-21,2020-02-20,3155.0,call,189.0387,192.8576,190.9482
2020-01-21,2020-02-20,3320.0,call,79.5837,81.1914,80.3876
2020-01-21,2020-02-20,3485.0,call,23.2091,23.678,23.4436
2020-01-21,2020-02-20,3655.0,call,4.2729,4.3593,4.3161
2020-01-22,2020-02-21,2990.0,call,337.8033,344.6276,341.2155
2020-01-22,2020-02-21,3155.0,call,189.8307,193.6657,191.7482
2020-01-22,2020-02-21,3320.0,call,80.0886,81.7065,80.8975
2020-01-22,2020-02-21,3490.0,call,22.4229,22.8759,22.6494
2020-01-22,2020-02-21,3655.0,call,4.3252,4.4125,4.3688
2020-01-23,2020-02-22,2995.0,call,336.671,343.4724,340.0717
2020-01-23,2020-02-22,3160.0,call,188.9157,192.7322,190.8239
2020-01-23,2020-02-22,3325.0,call,79.5718,81.1793,80.3755
2020-01-23,2020-02-22,3490.0,call,23.2393,23.7088,23.474
2020-01-23,2020-02-22,3660.0,call,4.29,4.3767,4.3333
2020-01-24,2020-02-23,2965.0,call,336.4164,343.2127,339.8145
2020-01-24,2020-02-23,3130.0,call,188.3606,192.1659,190.2633
2020-01-24,2020-02-23,3295.0,call,78.8197,80.412,79.6158
2020-01-24,2020-02-23,3460.0,call,22.7173,23.1763,22.9468
2020-01-24,2020-02-23,3625.0,call,4.3438,4.4315,4.3876
2020-01-27,2020-02-26,2920.0,call,329.555,336.2127,332.8839
2020-01-27,2020-02-26,3080.0,call,186.0154,189.7733,187.8944
2020-01-27,2020-02-26,3245.0,call,76.6663,78.2151,77.4407
2020-01-27,2020-02-26,3405.0,call,22.4741,22.9281,22.7011
2020-01-27,2020-02-26,3570.0,call,4.1772,4.2616,4.2194
2020-01-28,2020-02-27,2950.0,call,332.2532,338.9654,335.6093
2020-01-28,2020-02-27,3110.0,call,188.6681,192.4796,190.5739
2020-01-28,2020-02-27,3275.0,call,78.747,80.3379,79.5425
2020-01-28,2020-02-27,3440.0,call,22.5469,23.0024,22.7747
2020-01-28,2020-02-27,3605.0,call,4.2622,4.3483,4.3053
2020-01-29,2020-02-28,2945.0,call,334.3003,341.0539,337.6771
2020-01-29,2020-02-28,3110.0,call,186.3215,190.0856,188.2036
2020-01-29,2020-02-28,3275.0,call,77.262,78.8229,78.0424
2020-01-29,2020-02-28,3435.0,call,22.9317,23.3949,23.1633
2020-01-29,2020-02-28,3600.0,call,4.3502,4.4381,4.3942
2020-01-30,2020-02-29,2955.0,call,334.6125,341.3723,337.9924
2020-01-30,2020-02-29,3120.0,call,186.7019,190.4736,188.5878
2020-01-30,2020-02-29,3285.0,call,77.6357,79.2041,78.4199
2020-01-30,2020-02-29,3450.0,call,22.162,22.6097,22.3859
2020-01-30,2020-02-29,3610.0,call,4.4277,4.5171,4.4724
2020-01-31,2020-03-01,2905.0,call,326.4701,333.0655,329.7678
2020-01-31,2020-03-01,3065.0,call,183.2006,186.9016,185.0511
2020-01-31,2020-03-01,3225.0,call,77.1766,78.7358,77.9562
2020-01-31,2020-03-01,3385.0,call,22.5471,23.0026,22.7749
2020-01-31,2020-03-01,3550.0,call,4.1572,4.2412,4.1992
2020-02-03,2020-03-04,2925.0,call,329.8653,336.5292,333.1972
2020-02-03,2020-03-04,3085.0,call,186.3375,190.1019,188.2197
2020-02-03,2020-03-04,3250.0,call,76.9365,78.4908,77.7137
2020-02-03,2020-03-04,3410.0,call,22.6216,23.0786,22.8501
2020-02-03,2020-03-04,3575.0,call,4.2237,4.309,4.2664
2020-02-04,2020-03-05,2970.0,call,333.6772,340.4181,337.0476
2020-02-04,2020-03-05,3135.0,call,186.0716,189.8307,187.9511
2020-02-04,2020-03-05,3300.0,call,77.4377,79.0021,78.2199
2020-02-04,2020-03-05,3460.0,call,23.1787,23.647,23.4129
2020-02-04,2020-03-05,3625.0,call,4.4622,4.5523,4.5073
2020-02-05,2020-03-06,3000.0,call,340.6947,347.5774,344.136
2020-02-05,2020-03-06,3170.0,call,188.383,192.1887,190.2859
2020-02-05,2020-03-06,3335.0,call,79.3652,80.9686,80.1669
2020-02-05,2020-03-06,3500.0,call,23.2233,23.6925,23.4579
2020-02-05,2020-03-06,3670.0,call,4.3052,4.3922,4.3487
2020-02-06,2020-03-07,3010.0,call,341.8056,348.7108,345.2582
2020-02-06,2020-03-07,3180.0,call,189.4464,193.2736,191.36
2020-02-06,2020-03-07,3345.0,call,80.1746,81.7943,80.9844
2020-02-06,2020-03-07,3515.0,call,22.6336,23.0908,22.8622
2020-02-06,2020-03-07,3680.0,call,4.4268,4.5162,4.4715
2020-02-07,2020-03-08,2995.0,call,338.7581,345.6017,342.1799
2020-02-07,2020-03-08,3160.0,call,190.7063,194.559,192.6327
2020-02-07,2020-03-08,3330.0,call,78.2152,79.7953,79.0053
2020-02-07,2020-03-08,3495.0,call,22.7114,23.1702,22.9408
2020-02-07,2020-03-08,3660.0,call,4.409,4.4981,4.4536
2020-02-10,2020-03-11,3015.0,call,343.0976,350.0289,346.5633
2020-02-10,2020-03-11,3185.0,call,190.6083,194.459,192.5337
2020-02-10,2020-03-11,3350.0,call,80.9832,82.6192,81.8012
2020-02-10,2020-03-11,3520.0,call,22.9977,23.4623,23.23
2020-02-10,2020-03-11,3685.0,call,4.5315,4.623,4.5773
2020-02-11,2020-03-12,3020.0,call,343.7638,350.7086,347.2362
2020-02-11,2020-03-12,3190.0,call,191.2354,195.0987,193.1671
2020-02-11,2020-03-12,3360.0,call,78.9513,80.5463,79.7488
2020-02-11,2020-03-12,3525.0,call,23.2243,23.6935,23.4589
2020-02-11,2020-03-12,3695.0,call,4.3532,4.4412,4.3972
2020-02-12,2020-03-13,3040.0,call,345.5236,352.5039,349.0138
2020-02-12,2020-03-13,3210.0,call,192.9692,196.8676,194.9184
2020-02-12,2020-03-13,3380.0,call,80.3129,81.9354,81.1242
2020-02-12,2020-03-13,3550.0,call,22.9346,23.3979,23.1663
2020-02-12,2020-03-13,3715.0,call,4.5723,4.6647,4.6185
2020-02-13,2020-03-14,3035.0,call,345.0018,351.9716,348.4867
2020-02-13,2020-03-14,3205.0,call,192.4655,196.3537,194.4096
2020-02-13,2020-03-14,3375.0,call,79.9277,81.5424,80.735
2020-02-13,2020-03-14,3545.0,call,22.7426,23.2021,22.9724
2020-02-13,2020-03-14,3710.0,call,4.5121,4.6033,4.5577
2020-02-14,2020-03-15,3040.0,call,346.2073,353.2013,349.7043
2020-02-14,2020-03-15,3210.0,call,193.5556,197.4658,195.5107
2020-02-14,2020-03-15,3380.0,call,80.6842,82.3142,81.4992
2020-02-14,2020-03-15,3550.0,call,23.0865,23.5529,23.3197
2020-02-14,2020-03-15,3720.0,call,4.3659,4.4541,4.41
2020-02-18,2020-03-19,3035.0,call,341.4899,348.3887,344.9393
2020-02-18,2020-03-19,3200.0,call,193.4983,197.4074,195.4528
2020-02-18,2020-03-19,3370.0,call,80.5138,82.1403,81.3271
2020-02-18,2020-03-19,3540.0,call,22.9468,23.4104,23.1786
2020-02-18,2020-03-19,3705.0,call,4.5565,4.6485,4.6025
2020-02-19,2020-03-20,3050.0,call,342.4113,349.3287,345.87
2020-02-19,2020-03-20,3215.0,call,194.4564,198.3848,196.4206
2020-02-19,2020-03-20,3385.0,call,81.3228,82.9657,82.1442
2020-02-19,2020-03-20,3555.0,call,23.3837,23.8561,23.6199
2020-02-19,2020-03-20,3725.0,call,4.4509,4.5408,4.4959
2020-02-20,2020-03-21,3035.0,call,344.3184,351.2743,347.7963
2020-02-20,2020-03-21,3205.0,call,191.88,195.7564,193.8182
2020-02-20,2020-03-21,3375.0,call,79.5582,81.1654,80.3618
2020-02-20,2020-03-21,3540.0,call,23.5823,24.0587,23.8205
2020-02-20,2020-03-21,3710.0,call,4.4726,4.5629,4.5178
2020-02-21,2020-03-22,3005.0,call,338.859,345.7046,342.2818
2020-02-21,2020-03-22,3170.0,call,190.9044,194.761,192.8327
2020-02-21,2020-03-22,3340.0,call,78.4744,80.0598,79.2671
2020-02-21,2020-03-22,3505.0,call,22.8877,23.3501,23.1189
2020-02-21,2020-03-22,3670.0,call,4.4739,4.5643,4.5191
2020-02-24,2020-03-25,2905.0,call,326.8258,333.4284,330.1271
2020-02-24,2020-03-25,3065.0,call,183.5055,187.2126,185.3591
2020-02-24,2020-03-25,3225.0,call,77.3708,78.9339,78.1523
2020-02-24,2020-03-25,3385.0,call,22.628,23.0851,22.8566
2020-02-24,2020-03-25,3550.0,call,4.1773,4.2616,4.2195
2020-02-25,2020-03-26,2815.0,call,318.8759,325.3178,322.0969
2020-02-25,2020-03-26,2970.0,call,179.7226,183.3534,181.538
2020-02-25,2020-03-26,3130.0,call,73.7057,75.1947,74.4502
2020-02-25,2020-03-26,3285.0,call,21.443,21.8762,21.6596
2020-02-25,2020-03-26,3440.0,call,4.1733,4.2576,4.2155
2020-02-26,2020-03-27,2805.0,call,317.0625,323.4678,320.2651
2020-02-26,2020-03-27,2960.0,call,178.0536,181.6506,179.8521
2020-02-26,2020-03-27,3115.0,call,75.0106,76.526,75.7683
2020-02-26,2020-03-27,3270.0,call,21.8799,22.322,22.101
2020-02-26,2020-03-27,3430.0,call,4.0113,4.0924,4.0518
2020-02-27,2020-03-28,2680.0,call,304.1328,310.2768,307.2048
2020-02-27,2020-03-28,2830.0,call,169.6053,173.0317,171.3185
2020-02-27,2020-03-28,2980.0,call,70.4148,71.8374,71.1261
2020-02-27,2020-03-28,3130.0,call,20.0367,20.4415,20.2391
2020-02-27,2020-03-28,3275.0,call,4.0065,4.0874,4.0469
2020-02-28,2020-03-29,2660.0,call,299.6401,305.6935,302.6668
2020-02-28,2020-03-29,2805.0,call,169.5721,172.9978,171.285
2020-02-28,2020-03-29,2955.0,call,70.0583,71.4736,70.766
2020-02-28,2020-03-29,3100.0,call,20.7083,21.1267,20.9175
2020-02-28,2020-03-29,3250.0,call,3.8757,3.954,3.9148
2020-03-02,2020-04-01,2780.0,call,315.7912,322.1708,318.981
2020-03-02,2020-04-01,2935.0,call,176.6826,180.2519,178.4672
2020-03-02,2020-04-01,3090.0,call,73.8054,75.2964,74.5509
2020-03-02,2020-04-01,3245.0,call,21.2057,21.6341,21.4199
2020-03-02,2020-04-01,3400.0,call,4.036,4.1175,4.0768
2020-03-03,2020-04-02,2705.0,call,303.9137,310.0533,306.9835
2020-03-03,2020-04-02,2855.0,call,169.7006,173.1289,171.4148
2020-03-03,2020-04-02,3005.0,call,70.8082,72.2386,71.5234
2020-03-03,2020-04-02,3155.0,call,20.3706,20.7822,20.5764
2020-03-03,2020-04-02,3305.0,call,3.8951,3.9737,3.9344
2020-03-04,2020-04-03,2815.0,call,320.7146,327.1937,323.9542
2020-03-04,2020-04-03,2975.0,call,177.256,180.8369,179.0464
2020-03-04,2020-04-03,3130.0,call,74.7017,76.2108,75.4562
2020-03-04,2020-04-03,3285.0,call,21.8567,22.2983,22.0775
2020-03-04,2020-04-03,3445.0,call,4.0344,4.1159,4.0751
2020-03-05,2020-04-04,2720.0,call,309.366,315.6159,312.491
2020-03-05,2020-04-04,2875.0,call,170.5038,173.9483,172.226
2020-03-05,2020-04-04,3025.0,call,71.5816,73.0277,72.3047
2020-03-05,2020-04-04,3175.0,call,20.8283,21.2491,21.0387
2020-03-05,2020-04-04,3325.0,call,4.0509,4.1328,4.0919
2020-03-06,2020-04-05,2675.0,call,302.764,308.8805,305.8222
2020-03-06,2020-04-05,2825.0,call,168.3772,171.7788,170.078
2020-03-06,2020-04-05,2970.0,call,72.0701,73.5261,72.7981
2020-03-06,2020-04-05,3120.0,call,20.6436,21.0607,20.8522
2020-03-06,2020-04-05,3270.0,call,3.8979,3.9767,3.9373
2020-03-09,2020-04-08,2470.0,call,281.4667,287.1529,284.3098
2020-03-09,2020-04-08,2610.0,call,155.8967,159.0462,157.4714
2020-03-09,2020-04-08,2745.0,call,66.2774,67.6163,66.9469
2020-03-09,2020-04-08,2885.0,call,18.673,19.0502,18.8616
2020-03-09,2020-04-08,3020.0,call,3.6796,3.7539,3.7167
2020-03-10,2020-04-09,2595.0,call,292.5101,298.4194,295.4647
2020-03-10,2020-04-09,2740.0,call,162.7306,166.0181,164.3743
2020-03-10,2020-04-09,2880.0,call,69.8501,71.2612,70.5557
2020-03-10,2020-04-09,3025.0,call,20.0944,20.5004,20.2974
2020-03-10,2020-04-09,3170.0,call,3.8206,3.8978,3.8592
2020-03-11,2020-04-10,2465.0,call,281.2628,286.9449,284.1038
2020-03-11,2020-04-10,2605.0,call,155.6653,158.81,157.2377
2020-03-11,2020-04-10,2740.0,call,66.0633,67.3979,66.7306
2020-03-11,2020-04-10,2880.0,call,18.551,18.9258,18.7384
2020-03-11,2020-04-10,3015.0,call,3.6382,3.7117,3.6749
2020-03-12,2020-04-11,2235.0,call,250.2549,255.3105,252.7827
2020-03-12,2020-04-11,2355.0,call,142.6651,145.5472,144.1062
2020-03-12,2020-04-11,2480.0,call,59.4742,60.6757,60.075
2020-03-12,2020-04-11,2605.0,call,16.9987,17.3421,17.1704
2020-03-12,2020-04-11,2730.0,call,3.2061,3.2709,3.2385
2020-03-13,2020-04-12,2440.0,call,275.9487,281.5234,278.7361
2020-03-13,2020-04-12,2575.0,call,154.8708,157.9996,156.4352
2020-03-13,2020-04-12,2710.0,call,65.1585,66.4748,65.8166
2020-03-13,2020-04-12,2845.0,call,18.963,19.3461,19.1546
2020-03-13,2020-04-12,2980.0,call,3.6781,3.7524,3.7152
2020-03-16,2020-04-15,2150.0,call,240.5759,245.4361,243.006
2020-03-16,2020-04-15,2265.0,call,137.4543,140.2312,138.8428
2020-03-16,2020-04-15,2385.0,call,57.4665,58.6275,58.047
2020-03-16,2020-04-15,2505.0,call,16.5007,16.834,16.6674
2020-03-16,2020-04-15,2625.0,call,3.132,3.1953,3.1636
2020-03-17,2020-04-16,2275.0,call,258.7292,263.9561,261.3427
2020-03-17,2020-04-16,2405.0,call,142.3004,145.1752,143.7378
2020-03-17,2020-04-16,2530.0,call,59.9081,61.1184,60.5133
2020-03-17,2020-04-16,2655.0,call,17.5273,17.8814,17.7044
2020-03-17,2020-04-16,2780.0,call,3.4379,3.5073,3.4726
2020-03-18,2020-04-17,2160.0,call,242.5327,247.4324,244.9825
2020-03-18,2020-04-17,2280.0,call,135.2038,137.9352,136.5695
2020-03-18,2020-04-17,2400.0,call,56.242,57.3782,56.8101
2020-03-18,2020-04-17,2520.0,call,16.1032,16.4285,16.2659
2020-03-18,2020-04-17,2640.0,call,3.0594,3.1212,3.0903
2020-03-19,2020-04-18,2170.0,call,243.836,248.762,246.299
2020-03-19,2020-04-18,2290.0,call,136.4315,139.1877,137.8096
2020-03-19,2020-04-18,2410.0,call,57.1509,58.3054,57.7282
2020-03-19,2020-04-18,2530.0,call,16.5458,16.88,16.7129
2020-03-19,2020-04-18,2650.0,call,3.1914,3.2558,3.2236
2020-03-20,2020-04-19,2075.0,call,234.1326,238.8626,236.4976
2020-03-20,2020-04-19,2190.0,call,131.086,133.7342,132.4101
2020-03-20,2020-04-19,2305.0,call,54.9238,56.0334,55.4786
2020-03-20,2020-04-19,2420.0,call,15.8881,16.2091,16.0486
2020-03-20,2020-04-19,2535.0,call,3.0578,3.1196,3.0887
2020-03-23,2020-04-22,2015.0,call,226.5242,231.1004,228.8123
2020-03-23,2020-04-22,2125.0,call,127.9303,130.5147,129.2225
2020-03-23,2020-04-22,2235.0,call,54.5611,55.6634,55.1123
2020-03-23,2020-04-22,2350.0,call,15.246,15.554,15.4
2020-03-23,2020-04-22,2460.0,call,3.0049,3.0656,3.0352
2020-03-24,2020-04-23,2205.0,call,246.8834,251.871,249.3772
2020-03-24,2020-04-23,2325.0,call,139.4353,142.2522,140.8438
2020-03-24,2020-04-23,2445.0,call,59.531,60.7337,60.1323
2020-03-24,2020-04-23,2570.0,call,16.7744,17.1133,16.9439
2020-03-24,2020-04-23,2690.0,call,3.3277,3.3949,3.3613
2020-03-25,2020-04-24,2230.0,call,250.1463,255.1998,252.673
2020-03-25,2020-04-24,2350.0,call,142.5168,145.396,143.9564
2020-03-25,2020-04-24,2475.0,call,59.313,60.5113,59.9121
2020-03-25,2020-04-24,2600.0,call,16.8977,17.239,17.0683
2020-03-25,2020-04-24,2725.0,call,3.1712,3.2353,3.2033
2020-03-26,2020-04-25,2365.0,call,269.7583,275.208,272.4831
2020-03-26,2020-04-25,2500.0,call,148.7219,151.7263,150.2241
2020-03-26,2020-04-25,2630.0,call,62.7524,64.0201,63.3862
2020-03-26,2020-04-25,2760.0,call,18.4068,18.7786,18.5927
2020-03-26,2020-04-25,2895.0,call,3.3729,3.441,3.407
2020-03-27,2020-04-26,2285.0,call,260.9863,266.2587,263.6225
2020-03-27,2020-04-26,2415.0,call,144.3421,147.2581,145.8001
2020-03-27,2020-04-26,2540.0,call,61.3417,62.5809,61.9613
2020-03-27,2020-04-26,2670.0,call,17.1946,17.542,17.3683
2020-03-27,2020-04-26,2795.0,call,3.3796,3.4479,3.4138
2020-03-30,2020-04-29,2365.0,call,266.4668,271.8499,269.1583
2020-03-30,2020-04-29,2495.0,call,149.9403,152.9694,151.4549
2020-03-30,2020-04-29,2625.0,call,63.4635,64.7455,64.1045
2020-03-30,2020-04-29,2760.0,call,17.6706,18.0276,17.8491
2020-03-30,2020-04-29,2890.0,call,3.4281,3.4973,3.4627
2020-03-31,2020-04-30,2325.0,call,264.236,269.5741,266.905
2020-03-31,2020-04-30,2455.0,call,147.5783,150.5597,149.069
2020-03-31,2020-04-30,2585.0,call,61.4283,62.6693,62.0488
2020-03-31,2020-04-30,2715.0,call,17.5454,17.8999,17.7226
2020-03-31,2020-04-30,2845.0,call,3.3117,3.3786,3.3451
2020-04-01,2020-05-01,2225.0,call,250.057,255.1087,252.5829
2020-04-01,2020-05-01,2345.0,call,142.3852,145.2616,143.8234
2020-04-01,2020-05-01,2470.0,call,59.1623,60.3575,59.7599
2020-04-01,2020-05-01,2595.0,call,16.8011,17.1405,16.9708
2020-04-01,2020-05-01,2720.0,call,3.1376,3.201,3.1693
2020-04-02,2020-05-02,2275.0,call,256.5255,261.7079,259.1167
2020-04-02,2020-05-02,2400.0,call,144.4481,147.3662,145.9072
2020-04-02,2020-05-02,2525.0,call,61.211,62.4476,61.8293
2020-04-02,2020-05-02,2655.0,call,17.0359,17.3801,17.208
2020-04-02,2020-05-02,2780.0,call,3.31,3.3769,3.3435
2020-04-03,2020-05-03,2240.0,call,253.1806,258.2953,255.738
2020-04-03,2020-05-03,2365.0,call,141.1877,144.04,142.6138
2020-04-03,2020-05-03,2490.0,call,58.6733,59.8587,59.266
2020-04-03,2020-05-03,2615.0,call,16.7411,17.0793,16.9102
2020-04-03,2020-05-03,2740.0,call,3.1598,3.2237,3.1918
2020-04-06,2020-05-06,2395.0,call,273.4187,278.9423,276.1805
2020-04-06,2020-05-06,2530.0,call,152.195,155.2696,153.7323
2020-04-06,2020-05-06,2665.0,call,62.8619,64.1318,63.4968
2020-04-06,2020-05-06,2795.0,call,18.6965,19.0743,18.8854
2020-04-06,2020-05-06,2930.0,call,3.5127,3.5836,3.5482
2020-04-07,2020-05-07,2395.0,call,269.3093,274.7499,272.0296
2020-04-07,2020-05-07,2525.0,call,152.7158,155.801,154.2584
2020-04-07,2020-05-07,2660.0,call,63.1228,64.398,63.7604
2020-04-07,2020-05-07,2790.0,call,18.7718,19.151,18.9614
2020-04-07,2020-05-07,2925.0,call,3.5219,3.5931,3.5575
2020-04-08,2020-05-08,2475.0,call,279.9767,285.6327,282.8047
2020-04-08,2020-05-08,2610.0,call,158.7223,161.9288,160.3255
2020-04-08,2020-05-08,2750.0,call,65.5668,66.8914,66.2291
2020-04-08,2020-05-08,2885.0,call,19.4146,19.8068,19.6107
2020-04-08,2020-05-08,3025.0,call,3.623,3.6962,3.6596
2020-04-09,2020-05-09,2510.0,call,284.8515,290.6061,287.7288
2020-04-09,2020-05-09,2650.0,call,159.2481,162.4653,160.8567
2020-04-09,2020-05-09,2790.0,call,66.437,67.7791,67.1081
2020-04-09,2020-05-09,2930.0,call,19.054,19.4389,19.2465
2020-04-09,2020-05-09,3070.0,call,3.6183,3.6914,3.6548
2020-04-13,2020-05-13,2485.0,call,281.6265,287.3159,284.4712
2020-04-13,2020-05-13,2625.0,call,156.2044,159.3601,157.7822
2020-04-13,2020-05-13,2760.0,call,66.672,68.0189,67.3454
2020-04-13,2020-05-13,2900.0,call,18.9394,19.322,19.1307
2020-04-13,2020-05-13,3040.0,call,3.5326,3.604,3.5683
2020-04-14,2020-05-14,2560.0,call,291.1669,297.0491,294.108
2020-04-14,2020-05-14,2705.0,call,161.1838,164.44,162.8119
2020-04-14,2020-05-14,2845.0,call,68.3987,69.7805,69.0896
2020-04-14,2020-05-14,2990.0,call,19.2542,19.6431,19.4486
2020-04-14,2020-05-14,3130.0,call,3.7834,3.8599,3.8217
2020-04-15,2020-05-15,2505.0,call,283.4154,289.141,286.2782
2020-04-15,2020-05-15,2645.0,call,157.9615,161.1527,159.5571
2020-04-15,2020-05-15,2785.0,call,65.557,66.8814,66.2192
2020-04-15,2020-05-15,2925.0,call,18.6597,19.0367,18.8482
2020-04-15,2020-05-15,3060.0,call,3.752,3.8278,3.7899
2020-04-16,2020-05-16,2520.0,call,284.6538,290.4044,287.5291
2020-04-16,2020-05-16,2660.0,call,159.1913,162.4073,160.7993
2020-04-16,2020-05-16,2800.0,call,66.5344,67.8785,67.2064
2020-04-16,2020-05-16,2940.0,call,19.1638,19.5509,19.3574
2020-04-16,2020-05-16,3080.0,call,3.6652,3.7392,3.7022
2020-04-17,2020-05-17,2585.0,call,294.6906,300.644,297.6673
2020-04-17,2020-05-17,2730.0,call,164.4842,167.8071,166.1456
2020-04-17,2020-05-17,2875.0,call,68.3281,69.7084,69.0182
2020-04-17,2020-05-17,3020.0,call,19.4355,19.8281,19.6318
2020-04-17,2020-05-17,3160.0,call,3.8882,3.9667,3.9275
2020-04-20,2020-05-20,2540.0,call,288.2518,294.0751,291.1635
2020-04-20,2020-05-20,2680.0,call,162.5035,165.7864,164.1449
2020-04-20,2020-05-20,2825.0,call,66.407,67.7486,67.0778
2020-04-20,2020-05-20,2965.0,call,19.2847,19.6743,19.4795
2020-04-20,2020-05-20,3105.0,call,3.7439,3.8195,3.7817
2020-04-21,2020-05-21,2465.0,call,276.6249,282.2132,279.419
2020-04-21,2020-05-21,2600.0,call,155.7305,158.8766,157.3035
2020-04-21,2020-05-21,2735.0,call,66.0389,67.3731,66.706
2020-04-21,2020-05-21,2875.0,call,18.5059,18.8798,18.6928
2020-04-21,2020-05-21,3010.0,call,3.617,3.69,3.6535
2020-04-22,2020-05-22,2520.0,call,284.4229,290.1688,287.2959
2020-04-22,2020-05-22,2660.0,call,158.9935,162.2055,160.5995
2020-04-22,2020-05-22,2800.0,call,66.4091,67.7507,67.0799
2020-04-22,2020-05-22,2940.0,call,19.1123,19.4984,19.3053
2020-04-22,2020-05-22,3080.0,call,3.652,3.7258,3.6889
2020-04-23,2020-05-23,2520.0,call,282.9709,288.6874,285.8291
2020-04-23,2020-05-23,2660.0,call,157.7515,160.9384,159.345
2020-04-23,2020-05-23,2800.0,call,65.6243,66.9501,66.2872
2020-04-23,2020-05-23,2940.0,call,18.7906,19.1702,18.9804
2020-04-23,2020-05-23,3080.0,call,3.5701,3.6423,3.6062
2020-04-24,2020-05-24,2555.0,call,286.9795,292.7771,289.8783
2020-04-24,2020-05-24,2695.0,call,161.5776,164.8418,163.2097
2020-04-24,2020-05-24,2835.0,call,68.5184,69.9026,69.2105
2020-04-24,2020-05-24,2980.0,call,19.2321,19.6206,19.4263
2020-04-24,2020-05-24,3120.0,call,3.7587,3.8347,3.7967
2020-04-27,2020-05-27,2590.0,call,293.6816,299.6145,296.6481
2020-04-27,2020-05-27,2735.0,call,163.6759,166.9825,165.3292
2020-04-27,2020-05-27,2880.0,call,67.8847,69.2561,68.5704
2020-04-27,2020-05-27,3020.0,call,20.2831,20.6929,20.488
2020-04-27,2020-05-27,3165.0,call,3.859,3.9369,3.898
2020-04-28,2020-05-28,2575.0,call,293.5026,299.432,296.4673
2020-04-28,2020-05-28,2720.0,call,163.3529,166.6529,165.0029
2020-04-28,2020-05-28,2865.0,call,67.4802,68.8435,68.1619
2020-04-28,2020-05-28,3005.0,call,20.0087,20.4129,20.2108
2020-04-28,2020-05-28,3150.0,call,3.7602,3.8362,3.7982
2020-04-29,2020-05-29,2645.0,call,299.8256,305.8827,302.8542
2020-04-29,2020-05-29,2795.0,call,165.5248,168.8687,167.1968
2020-04-29,2020-05-29,2940.0,call,69.8519,71.2631,70.5575
2020-04-29,2020-05-29,3085.0,call,20.5174,20.9319,20.7246
2020-04-29,2020-05-29,3235.0,call,3.799,3.8758,3.8374
2020-04-30,2020-05-30,2620.0,call,297.6691,303.6826,300.6758
2020-04-30,2020-05-30,2765.0,call,167.4336,170.8161,169.1248
2020-04-30,2020-05-30,2910.0,call,70.6712,72.0989,71.3851
2020-04-30,2020-05-30,3060.0,call,19.6496,20.0466,19.8481
2020-04-30,2020-05-30,3205.0,call,3.7736,3.8498,3.8117
2020-05-01,2020-05-31,2550.0,call,285.9578,291.7347,288.8463
2020-05-01,2020-05-31,2690.0,call,160.6457,163.8911,162.2684
2020-05-01,2020-05-31,2830.0,call,67.8571,69.228,68.5425
2020-05-01,2020-05-31,2970.0,call,19.9225,20.3249,20.1237
2020-05-01,2020-05-31,3115.0,call,3.6711,3.7453,3.7082
2020-05-04,2020-06-03,2560.0,call,287.9725,293.7901,290.8813
2020-05-04,2020-06-03,2700.0,call,162.4855,165.7681,164.1268
2020-05-04,2020-06-03,2845.0,call,66.6662,68.013,67.3396
2020-05-04,2020-06-03,2985.0,call,19.5302,19.9247,19.7275
2020-05-04,2020-06-03,3125.0,call,3.8462,3.9239,3.885
2020-05-05,2020-06-04,2580.0,call,293.5814,299.5124,296.5469
2020-05-05,2020-06-04,2725.0,call,163.477,166.7795,165.1283
2020-05-05,2020-06-04,2870.0,call,67.6254,68.9916,68.3085
2020-05-05,2020-06-04,3010.0,call,20.1044,20.5106,20.3075
2020-05-05,2020-06-04,3155.0,call,3.7941,3.8708,3.8324
2020-05-06,2020-06-05,2565.0,call,288.6578,294.4892,291.5735
2020-05-06,2020-06-05,2705.0,call,163.1298,166.4253,164.7776
2020-05-06,2020-06-05,2850.0,call,67.1381,68.4945,67.8163
2020-05-06,2020-06-05,2990.0,call,19.7615,20.1607,19.9611
2020-05-06,2020-06-05,3135.0,call,3.6695,3.7436,3.7065
2020-05-07,2020-06-06,2595.0,call,291.51,297.3991,294.4546
2020-05-07,2020-06-06,2735.0,call,165.9146,169.2664,167.5905
2020-05-07,2020-06-06,2880.0,call,69.3017,70.7017,70.0017
2020-05-07,2020-06-06,3025.0,call,19.8688,20.2702,20.0695
2020-05-07,2020-06-06,3170.0,call,3.7632,3.8393,3.8012
2020-05-08,2020-06-07,2635.0,call,300.0432,306.1047,303.0739
2020-05-08,2020-06-07,2785.0,call,165.5956,168.941,167.2683
2020-05-08,2020-06-07,2930.0,call,69.765,71.1744,70.4697
2020-05-08,2020-06-07,3075.0,call,20.4113,20.8237,20.6175
2020-05-08,2020-06-07,3225.0,call,3.7536,3.8294,3.7915
2020-05-11,2020-06-10,2635.0,call,300.4188,306.4878,303.4533
2020-05-11,2020-06-10,2785.0,call,165.9163,169.2682,167.5923
2020-05-11,2020-06-10,2930.0,call,69.9691,71.3826,70.6758
2020-05-11,2020-06-10,3075.0,call,20.4964,20.9104,20.7034
2020-05-11,2020-06-10,3225.0,call,3.7746,3.8509,3.8128
2020-05-12,2020-06-11,2585.0,call,290.4183,296.2853,293.3518
2020-05-12,2020-06-11,2725.0,call,164.8648,168.1954,166.5301
2020-05-12,2020-06-11,2870.0,call,68.5016,69.8855,69.1936
2020-05-12,2020-06-11,3015.0,call,19.4713,19.8647,19.668
2020-05-12,2020-06-11,3155.0,call,3.8881,3.9667,3.9274
2020-05-13,2020-06-12,2540.0,call,285.2121,290.9739,288.093
2020-05-13,2020-06-12,2680.0,call,159.8946,163.1248,161.5097
2020-05-13,2020-06-12,2820.0,call,67.2465,68.605,67.9258
2020-05-13,2020-06-12,2960.0,call,19.5979,19.9938,19.7958
2020-05-13,2020-06-12,3100.0,call,3.8155,3.8926,3.854
2020-05-14,2020-06-13,2565.0,call,292.5843,298.4951,295.5397
2020-05-14,2020-06-13,2710.0,call,162.453,165.7349,164.094
2020-05-14,2020-06-13,2850.0,call,69.2776,70.6772,69.9774
2020-05-14,2020-06-13,2995.0,call,19.6466,20.0435,19.8451
2020-05-14,2020-06-13,3140.0,call,3.6503,3.724,3.6872
2020-05-15,2020-06-14,2575.0,call,293.8012,299.7366,296.7689
2020-05-15,2020-06-14,2720.0,call,163.6088,166.914,165.2614
2020-05-15,2020-06-14,2865.0,call,67.6414,69.0079,68.3246
2020-05-15,2020-06-14,3005.0,call,20.0765,20.4821,20.2793
2020-05-15,2020-06-14,3150.0,call,3.7774,3.8537,3.8155
2020-05-18,2020-06-17,2660.0,call,299.342,305.3894,302.3657
2020-05-18,2020-06-17,2805.0,call,169.3158,172.7363,171.0261
2020-05-18,2020-06-17,2955.0,call,69.8968,71.3088,70.6028
2020-05-18,2020-06-17,3100.0,call,20.6406,21.0576,20.8491
2020-05-18,2020-06-17,3250.0,call,3.8587,3.9366,3.8977
2020-05-19,2020-06-18,2630.0,call,298.2217,304.2464,301.2341
2020-05-19,2020-06-18,2775.0,call,168.0199,171.4143,169.7171
2020-05-19,2020-06-18,2925.0,call,68.6774,70.0648,69.3711
2020-05-19,2020-06-18,3070.0,call,19.9254,20.328,20.1267
2020-05-19,2020-06-18,3215.0,call,3.8635,3.9415,3.9025
2020-05-20,2020-06-19,2675.0,call,302.0328,308.1345,305.0837
2020-05-20,2020-06-19,2825.0,call,167.7523,171.1412,169.4468
2020-05-20,2020-06-19,2970.0,call,71.6689,73.1168,72.3929
2020-05-20,2020-06-19,3120.0,call,20.479,20.8927,20.6859
2020-05-20,2020-06-19,3270.0,call,3.8563,3.9342,3.8953
2020-05-21,2020-06-20,2655.0,call,298.926,304.9649,301.9454
2020-05-21,2020-06-20,2800.0,call,168.9028,172.315,170.6089
2020-05-21,2020-06-20,2950.0,call,69.5694,70.9749,70.2722
2020-05-21,2020-06-20,3095.0,call,20.4689,20.8824,20.6756
2020-05-21,2020-06-20,3245.0,call,3.8061,3.883,3.8445
2020-05-22,2020-06-21,2660.0,call,300.8233,306.9006,303.8619
2020-05-22,2020-06-21,2810.0,call,166.5482,169.9128,168.2305
2020-05-22,2020-06-21,2955.0,call,70.7015,72.1298,71.4156
2020-05-22,2020-06-21,3105.0,call,19.979,20.3826,20.1808
2020-05-22,2020-06-21,3250.0,call,3.9439,4.0235,3.9837
2020-05-26,2020-06-25,2695.0,call,302.3124,308.4197,305.3661
2020-05-26,2020-06-25,2840.0,call,172.2575,175.7374,173.9974
2020-05-26,2020-06-25,2990.0,call,72.2302,73.6894,72.9598
2020-05-26,2020-06-25,3140.0,call,20.8513,21.2726,21.0619
2020-05-26,2020-06-25,3290.0,call,3.9893,4.0699,4.0296
2020-05-27,2020-06-26,2735.0,call,306.7564,312.9535,309.855
2020-05-27,2020-06-26,2885.0,call,172.4721,175.9564,174.2142
2020-05-27,2020-06-26,3035.0,call,72.9662,74.4403,73.7032
2020-05-27,2020-06-26,3190.0,call,20.4779,20.8916,20.6847
2020-05-27,2020-06-26,3340.0,call,3.9886,4.0692,4.0289
2020-05-28,2020-06-27,2725.0,call,310.1574,316.4232,313.2903
2020-05-28,2020-06-27,2880.0,call,171.2366,174.6959,172.9663
2020-05-28,2020-06-27,3030.0,call,72.113,73.5699,72.8414
2020-05-28,2020-06-27,3180.0,call,21.0839,21.5098,21.2969
2020-05-28,2020-06-27,3335.0,call,3.8815,3.9599,3.9207
2020-05-29,2020-06-28,2740.0,call,309.8459,316.1054,312.9757
2020-05-29,2020-06-28,2890.0,call,175.1809,178.7199,176.9504
2020-05-29,2020-06-28,3045.0,call,72.2514,73.711,72.9812
2020-05-29,2020-06-28,3195.0,call,21.2463,21.6755,21.4609
2020-05-29,2020-06-28,3350.0,call,3.9506,4.0305,3.9906
2020-06-01,2020-07-01,2750.0,call,311.2744,317.5628,314.4186
2020-06-01,2020-07-01,2905.0,call,172.4767,175.9611,174.2189
2020-06-01,2020-07-01,3055.0,call,73.233,74.7124,73.9727
2020-06-01,2020-07-01,3210.0,call,20.7264,21.1452,20.9358
2020-06-01,2020-07-01,3360.0,call,4.0913,4.1739,4.1326
2020-06-02,2020-07-02,2775.0,call,311.5176,317.8109,314.6643
2020-06-02,2020-07-02,2925.0,call,177.0055,180.5813,178.7934
2020-06-02,2020-07-02,3080.0,call,73.8764,75.3688,74.6226
2020-06-02,2020-07-02,3235.0,call,21.1647,21.5923,21.3785
2020-06-02,2020-07-02,3390.0,call,4.0066,4.0875,4.047
2020-06-03,2020-07-03,2810.0,call,318.5177,324.9524,321.735
2020-06-03,2020-07-03,2965.0,call,179.3591,182.9826,181.1709
2020-06-03,2020-07-03,3125.0,call,73.41,74.8931,74.1516
2020-06-03,2020-07-03,3280.0,call,21.2862,21.7162,21.5012
2020-06-03,2020-07-03,3435.0,call,4.1232,4.2065,4.1648
2020-06-04,2020-07-04,2800.0,call,317.9554,324.3787,321.167
2020-06-04,2020-07-04,2955.0,call,178.7645,182.3759,180.5702
2020-06-04,2020-07-04,3110.0,call,75.3977,76.9209,76.1593
2020-06-04,2020-07-04,3270.0,call,21.0082,21.4326,21.2204
2020-06-04,2020-07-04,3425.0,call,4.0328,4.1142,4.0735
2020-06-05,2020-07-05,2875.0,call,324.7528,331.3135,328.0331
2020-06-05,2020-07-05,3035.0,call,181.3919,185.0564,183.2242
2020-06-05,2020-07-05,3195.0,call,75.6302,77.1581,76.3941
2020-06-05,2020-07-05,3355.0,call,21.6987,22.137,21.9178
2020-06-05,2020-07-05,3515.0,call,4.1276,4.211,4.1693
2020-06-08,2020-07-08,2910.0,call,328.2998,334.9321,331.6159
2020-06-08,2020-07-08,3070.0,call,184.8258,188.5597,186.6928
2020-06-08,2020-07-08,3230.0,call,78.2802,79.8616,79.0709
2020-06-08,2020-07-08,3395.0,call,22.0387,22.4839,22.2613
2020-06-08,2020-07-08,3555.0,call,4.2907,4.3774,4.3341
2020-06-09,2020-07-09,2885.0,call,327.9426,334.5677,331.2551
2020-06-09,2020-07-09,3045.0,call,184.2402,187.9623,186.1013
2020-06-09,2020-07-09,3205.0,call,77.5732,79.1403,78.3567
2020-06-09,2020-07-09,3370.0,call,21.5766,22.0125,21.7945
2020-06-09,2020-07-09,3530.0,call,4.1247,4.208,4.1663
2020-06-10,2020-07-10,2870.0,call,325.8862,332.4698,329.178
2020-06-10,2020-07-10,3030.0,call,182.3069,185.9898,184.1484
2020-06-10,2020-07-10,3190.0,call,76.1429,77.6812,76.912
2020-06-10,2020-07-10,3350.0,call,21.8742,22.3161,22.0952
2020-06-10,2020-07-10,3510.0,call,4.1628,4.2469,4.2049
2020-06-11,2020-07-11,2700.0,call,307.4715,313.683,310.5773
2020-06-11,2020-07-11,2850.0,call,172.6948,176.1836,174.4392
2020-06-11,2020-07-11,3000.0,call,72.6428,74.1103,73.3765
2020-06-11,2020-07-11,3150.0,call,21.093,21.5191,21.3061
2020-06-11,2020-07-11,3300.0,call,4.071,4.1532,4.1121
2020-06-12,2020-07-12,2735.0,call,311.7403,318.038,314.8892
2020-06-12,2020-07-12,2890.0,call,172.7035,176.1925,174.448
2020-06-12,2020-07-12,3040.0,call,73.1801,74.6585,73.9193
2020-06-12,2020-07-12,3195.0,call,20.5996,21.0157,20.8076
2020-06-12,2020-07-12,3345.0,call,4.0296,4.1111,4.0703
2020-06-15,2020-07-15,2760.0,call,312.1641,318.4704,315.3173
2020-06-15,2020-07-15,2915.0,call,173.3508,176.8528,175.1018
2020-06-15,2020-07-15,3065.0,call,73.9237,75.4171,74.6704
2020-06-15,2020-07-15,3220.0,call,21.0785,21.5043,21.2914
2020-06-15,2020-07-15,3375.0,call,3.9563,4.0362,3.9962
2020-06-16,2020-07-16,2810.0,call,320.3181,326.7891,323.5536
2020-06-16,2020-07-16,2970.0,call,176.8599,180.4328,178.6464
2020-06-16,2020-07-16,3125.0,call,74.3837,75.8864,75.135
2020-06-16,2020-07-16,3280.0,call,21.6894,22.1276,21.9085
2020-06-16,2020-07-16,3435.0,call,4.2277,4.3131,4.2704
2020-06-17,2020-07-17,2800.0,call,319.053,325.4985,322.2758
2020-06-17,2020-07-17,2960.0,call,175.6651,179.2139,177.4395
2020-06-17,2020-07-17,3115.0,call,73.4935,74.9783,74.2359
2020-06-17,2020-07-17,3270.0,call,21.2515,21.6808,21.4661
2020-06-17,2020-07-17,3425.0,call,4.0952,4.178,4.1366
2020-06-18,2020-07-18,2805.0,call,316.0525,322.4374,319.2449
2020-06-18,2020-07-18,2960.0,call,177.1874,180.767,178.9772
2020-06-18,2020-07-18,3115.0,call,74.4592,75.9634,75.2113
2020-06-18,2020-07-18,3270.0,call,21.6508,22.0882,21.8695
2020-06-18,2020-07-18,3425.0,call,4.1983,4.2831,4.2407
2020-06-19,2020-07-19,2790.0,call,313.4581,319.7906,316.6243
2020-06-19,2020-07-19,2945.0,call,174.7978,178.3291,176.5634
2020-06-19,2020-07-19,3100.0,call,72.7465,74.2162,73.4814
2020-06-19,2020-07-19,3255.0,call,20.8411,21.2621,21.0516
2020-06-19,2020-07-19,3410.0,call,3.9621,4.0421,4.0021
2020-06-22,2020-07-22,2805.0,call,318.4772,324.911,321.6941
2020-06-22,2020-07-22,2960.0,call,179.2687,182.8903,181.0795
2020-06-22,2020-07-22,3120.0,call,73.2856,74.7662,74.0259
2020-06-22,2020-07-22,3275.0,call,21.2003,21.6286,21.4145
2020-06-22,2020-07-22,3430.0,call,4.0915,4.1742,4.1329
2020-06-23,2020-07-23,2820.0,call,317.0603,323.4655,320.2629
2020-06-23,2020-07-23,2975.0,call,178.2195,181.8199,180.0197
2020-06-23,2020-07-23,3130.0,call,75.3157,76.8372,76.0765
2020-06-23,2020-07-23,3290.0,call,21.1163,21.5429,21.3296
2020-06-23,2020-07-23,3445.0,call,4.0982,4.181,4.1396
2020-06-24,2020-07-24,2745.0,call,310.8584,317.1384,313.9984
2020-06-24,2020-07-24,2900.0,call,172.0643,175.5404,173.8024
2020-06-24,2020-07-24,3050.0,call,72.904,74.3768,73.6404
2020-06-24,2020-07-24,3205.0,call,20.5579,20.9732,20.7656
2020-06-24,2020-07-24,3355.0,call,4.0377,4.1193,4.0785
2020-06-25,2020-07-25,2775.0,call,314.3454,320.6958,317.5206
2020-06-25,2020-07-25,2930.0,call,175.387,178.9302,177.1586
2020-06-25,2020-07-25,3085.0,call,72.9186,74.3917,73.6552
2020-06-25,2020-07-25,3240.0,call,20.8077,21.2281,21.0179
2020-06-25,2020-07-25,3390.0,call,4.1698,4.254,4.2119
2020-06-26,2020-07-26,2710.0,call,304.599,310.7525,307.6757
2020-06-26,2020-07-26,2860.0,call,170.3434,173.7846,172.064
2020-06-26,2020-07-26,3010.0,call,71.2812,72.7213,72.0012
2020-06-26,2020-07-26,3160.0,call,20.5999,21.0161,20.808
2020-06-26,2020-07-26,3310.0,call,3.9633,4.0433,4.0033
2020-06-29,2020-07-29,2750.0,call,308.8795,315.1195,311.9995
2020-06-29,2020-07-29,2900.0,call,174.4609,177.9854,176.2232
2020-06-29,2020-07-29,3055.0,call,71.9329,73.3861,72.6595
2020-06-29,2020-07-29,3205.0,call,21.1826,21.6105,21.3965
2020-06-29,2020-07-29,3360.0,call,3.9539,4.0337,3.9938
2020-06-30,2020-07-30,2790.0,call,315.9108,322.2928,319.1018
2020-06-30,2020-07-30,2945.0,call,176.8975,180.4712,178.6843
2020-06-30,2020-07-30,3100.0,call,74.0753,75.5718,74.8236
2020-06-30,2020-07-30,3255.0,call,21.3869,21.8189,21.6029
2020-06-30,2020-07-30,3410.0,call,4.1014,4.1842,4.1428
2020-07-01,2020-07-31,2805.0,call,316.5526,322.9476,319.7501
2020-07-01,2020-07-31,2960.0,call,177.6162,181.2044,179.4103
2020-07-01,2020-07-31,3115.0,call,74.732,76.2417,75.4869
2020-07-01,2020-07-31,3270.0,call,21.7641,22.2037,21.9839
2020-07-01,2020-07-31,3425.0,call,4.2277,4.3131,4.2704
2020-07-02,2020-08-01,2815.0,call,320.6087,327.0856,323.8472
2020-07-02,2020-08-01,2975.0,call,177.1655,180.7446,178.955
2020-07-02,2020-08-01,3130.0,call,74.6441,76.1521,75.3981
2020-07-02,2020-08-01,3285.0,call,21.8327,22.2738,22.0533
2020-07-02,2020-08-01,3445.0,call,4.0284,4.1098,4.0691
2020-07-06,2020-08-05,2860.0,call,325.4203,331.9944,328.7074
2020-07-06,2020-08-05,3020.0,call,181.7948,185.4674,183.6311
2020-07-06,2020-08-05,3180.0,call,75.6847,77.2137,76.4492
2020-07-06,2020-08-05,3340.0,call,21.6166,22.0533,21.8349
2020-07-06,2020-08-05,3500.0,call,4.0786,4.161,4.1198
2020-07-07,2020-08-06,2830.0,call,320.9995,327.4844,324.2419
2020-07-07,2020-08-06,2990.0,call,177.671,181.2603,179.4656
2020-07-07,2020-08-06,3145.0,call,75.1641,76.6826,75.9233
2020-07-07,2020-08-06,3305.0,call,21.1603,21.5878,21.3741
2020-07-07,2020-08-06,3460.0,call,4.1378,4.2214,4.1796
2020-07-08,2020-08-07,2855.0,call,320.7901,327.2707,324.0304
2020-07-08,2020-08-07,3010.0,call,181.8117,185.4846,183.6481
2020-07-08,2020-08-07,3170.0,call,75.5613,77.0878,76.3246
2020-07-08,2020-08-07,3330.0,call,21.4964,21.9307,21.7135
2020-07-08,2020-08-07,3485.0,call,4.2732,4.3596,4.3164
2020-07-09,2020-08-08,2835.0,call,322.6958,329.2149,325.9554
2020-07-09,2020-08-08,2995.0,call,179.1781,182.7978,180.988
2020-07-09,2020-08-08,3150.0,call,76.1931,77.7323,76.9627
2020-07-09,2020-08-08,3310.0,call,21.6133,22.0499,21.8316
2020-07-09,2020-08-08,3465.0,call,4.2657,4.3519,4.3088
2020-07-10,2020-08-09,2865.0,call,325.7591,332.3401,329.0496
2020-07-10,2020-08-09,3025.0,call,182.1417,185.8213,183.9815
2020-07-10,2020-08-09,3185.0,call,75.9713,77.5061,76.7387
2020-07-10,2020-08-09,3345.0,call,21.7688,22.2086,21.9887
2020-07-10,2020-08-09,3505.0,call,4.1266,4.2099,4.1683
2020-07-13,2020-08-12,2840.0,call,320.9654,327.4495,324.2074
2020-07-13,2020-08-12,2995.0,call,181.797,185.4696,183.6333
2020-07-13,2020-08-12,3155.0,call,75.3502,76.8724,76.1113
2020-07-13,2020-08-12,3315.0,call,21.3057,21.7361,21.5209
2020-07-13,2020-08-12,3470.0,call,4.1946,4.2793,4.237
2020-07-14,2020-08-13,2880.0,call,323.4282,329.9621,326.6952
2020-07-14,2020-08-13,3040.0,call,180.3156,183.9583,182.137
2020-07-14,2020-08-13,3200.0,call,75.017,76.5325,75.7747
2020-07-14,2020-08-13,3355.0,call,22.4756,22.9297,22.7027
2020-07-14,2020-08-13,3515.0,call,4.3265,4.4139,4.3702
2020-07-15,2020-08-14,2905.0,call,327.4702,334.0857,330.7779
2020-07-15,2020-08-14,3065.0,call,184.058,187.7763,185.9172
2020-07-15,2020-08-14,3225.0,call,77.7232,79.2933,78.5082
2020-07-15,2020-08-14,3390.0,call,21.7781,22.2181,21.9981
2020-07-15,2020-08-14,3550.0,call,4.2138,4.299,4.2564
2020-07-16,2020-08-15,2895.0,call,326.4553,333.0504,329.7529
2020-07-16,2020-08-15,3055.0,call,183.0757,186.7742,184.9249
2020-07-16,2020-08-15,3215.0,call,76.9644,78.5192,77.7418
2020-07-16,2020-08-15,3375.0,call,22.3887,22.841,22.6148
2020-07-16,2020-08-15,3535.0,call,4.343,4.4307,4.3869
2020-07-17,2020-08-16,2900.0,call,330.4901,337.1666,333.8283
2020-07-17,2020-08-16,3065.0,call,182.5503,186.2382,184.3942
2020-07-17,2020-08-16,3225.0,call,76.7631,78.3138,77.5384
2020-07-17,2020-08-16,3385.0,call,22.3751,22.8271,22.6011
2020-07-17,2020-08-16,3545.0,call,4.3589,4.4469,4.4029
2020-07-20,2020-08-19,2925.0,call,332.6753,339.396,336.0356
2020-07-20,2020-08-19,3090.0,call,184.7037,188.4351,186.5694
2020-07-20,2020-08-19,3250.0,call,78.4668,80.052,79.2594
2020-07-20,2020-08-19,3415.0,call,22.256,22.7057,22.4809
2020-07-20,2020-08-19,3575.0,call,4.3856,4.4742,4.4299
2020-07-21,2020-08-20,2930.0,call,333.1489,339.8792,336.5141
2020-07-21,2020-08-20,3095.0,call,185.1658,188.9065,187.0362
2020-07-21,2020-08-20,3255.0,call,78.8288,80.4213,79.625
2020-07-21,2020-08-20,3420.0,call,22.4391,22.8924,22.6658
2020-07-21,2020-08-20,3585.0,call,4.197,4.2818,4.2394
2020-07-22,2020-08-21,2950.0,call,332.0417,338.7496,335.3956
2020-07-22,2020-08-21,3110.0,call,188.486,192.2938,190.3899
2020-07-22,2020-08-21,3275.0,call,78.6314,80.2199,79.4257
2020-07-22,2020-08-21,3440.0,call,22.4995,22.954,22.7268
2020-07-22,2020-08-21,3605.0,call,4.2502,4.3361,4.2932
2020-07-23,2020-08-22,2910.0,call,331.4469,338.1428,334.7949
2020-07-23,2020-08-22,3075.0,call,183.4823,187.1891,185.3357
2020-07-23,2020-08-22,3235.0,call,77.4885,79.054,78.2713
2020-07-23,2020-08-22,3395.0,call,22.7475,23.207,22.9772
2020-07-23,2020-08-22,3560.0,call,4.2263,4.3117,4.269
2020-07-24,2020-08-23,2895.0,call,326.5131,333.1093,329.8112
2020-07-24,2020-08-23,3055.0,call,183.1251,186.8246,184.9749
2020-07-24,2020-08-23,3215.0,call,76.9959,78.5514,77.7736
2020-07-24,2020-08-23,3375.0,call,22.4017,22.8543,22.628
2020-07-24,2020-08-23,3535.0,call,4.3464,4.4342,4.3903
2020-07-27,2020-08-26,2915.0,call,330.2744,336.9466,333.6105
2020-07-27,2020-08-26,3075.0,call,186.5787,190.348,188.4633
2020-07-27,2020-08-26,3240.0,call,76.9536,78.5082,77.7309
2020-07-27,2020-08-26,3400.0,call,22.5591,23.0148,22.787
2020-07-27,2020-08-26,3565.0,call,4.1889,4.2735,4.2312
2020-07-28,2020-08-27,2895.0,call,329.2172,335.868,332.5426
2020-07-28,2020-08-27,3060.0,call,181.4063,185.0711,183.2387
2020-07-28,2020-08-27,3220.0,call,75.9713,77.5061,76.7387
2020-07-28,2020-08-27,3380.0,call,22.0124,22.4571,22.2348
2020-07-28,2020-08-27,3540.0,call,4.2554,4.3413,4.2983
2020-07-29,2020-08-28,2935.0,call,329.4666,336.1225,332.7946
2020-07-29,2020-08-28,3095.0,call,186.106,189.8657,187.9859
2020-07-29,2020-08-28,3260.0,call,76.9251,78.4792,77.7022
2020-07-29,2020-08-28,3420.0,call,22.6863,23.1446,22.9154
2020-07-29,2020-08-28,3585.0,call,4.2592,4.3452,4.3022
2020-07-30,2020-08-29,2920.0,call,332.0476,338.7556,335.4016
2020-07-30,2020-08-29,3085.0,call,184.1099,187.8293,185.9696
2020-07-30,2020-08-29,3245.0,call,78.0212,79.5973,78.8092
2020-07-30,2020-08-29,3410.0,call,22.0395,22.4848,22.2622
2020-07-30,2020-08-29,3570.0,call,4.3195,4.4067,4.3631
2020-07-31,2020-08-30,2945.0,call,332.1065,338.8157,335.4611
2020-07-31,2020-08-30,3110.0,call,184.4453,188.1715,186.3084
2020-07-31,2020-08-30,3270.0,call,78.5647,80.1519,79.3583
2020-07-31,2020-08-30,3435.0,call,22.437,22.8903,22.6637
2020-07-31,2020-08-30,3600.0,call,4.225,4.3103,4.2676
2020-08-03,2020-09-02,2965.0,call,335.5887,342.3683,338.9785
2020-08-03,2020-09-02,3130.0,call,187.651,191.4419,189.5465
2020-08-03,2020-09-02,3295.0,call,78.3696,79.9528,79.1612
2020-08-03,2020-09-02,3460.0,call,22.5321,22.9873,22.7597
2020-08-03,2020-09-02,3625.0,call,4.2965,4.3833,4.3399
2020-08-04,2020-09-03,2975.0,call,337.4792,344.297,340.8881
2020-08-04,2020-09-03,3140.0,call,189.3848,193.2108,191.2978
2020-08-04,2020-09-03,3305.0,call,79.6045,81.2126,80.4086
2020-08-04,2020-09-03,3470.0,call,23.1121,23.579,23.3456
2020-08-04,2020-09-03,3635.0,call,4.4645,4.5547,4.5096
2020-08-05,2020-09-04,2995.0,call,338.8158,345.6606,342.2382
2020-08-05,2020-09-04,3160.0,call,190.7559,194.6096,192.6828
2020-08-05,2020-09-04,3330.0,call,78.2464,79.8271,79.0367
2020-08-05,2020-09-04,3495.0,call,22.7242,23.1833,22.9538
2020-08-05,2020-09-04,3660.0,call,4.4124,4.5015,4.4569
2020-08-06,2020-09-05,3015.0,call,340.2778,347.1521,343.7149
2020-08-06,2020-09-05,3180.0,call,192.2346,196.1181,194.1764
2020-08-06,2020-09-05,3350.0,call,79.4462,81.0512,80.2487
2020-08-06,2020-09-05,3515.0,call,23.3617,23.8337,23.5977
2020-08-06,2020-09-05,3685.0,call,4.3686,4.4569,4.4127
2020-08-07,2020-09-06,3015.0,call,342.3178,349.2333,345.7756
2020-08-07,2020-09-06,3185.0,call,189.9412,193.7784,191.8598
2020-08-07,2020-09-06,3350.0,call,80.5565,82.1839,81.3702
2020-08-07,2020-09-06,3520.0,call,22.8239,23.2849,23.0544
2020-08-07,2020-09-06,3685.0,call,4.486,4.5766,4.5313
2020-08-10,2020-09-09,3025.0,call,341.6004,348.5014,345.0509
2020-08-10,2020-09-09,3190.0,call,193.483,197.3918,195.4374
2020-08-10,2020-09-09,3360.0,call,80.3697,81.9933,81.1815
2020-08-10,2020-09-09,3530.0,call,22.818,23.279,23.0485
2020-08-10,2020-09-09,3695.0,call,4.5035,4.5945,4.549
2020-08-11,2020-09-10,3000.0,call,339.7322,346.5954,343.1638
2020-08-11,2020-09-10,3165.0,call,191.5991,195.4698,193.5345
2020-08-11,2020-09-10,3335.0,call,78.8436,80.4364,79.64
2020-08-11,2020-09-10,3500.0,call,23.0063,23.4711,23.2387
2020-08-11,2020-09-10,3665.0,call,4.4952,4.586,4.5406
2020-08-12,2020-09-11,3040.0,call,346.3902,353.388,349.8891
2020-08-12,2020-09-11,3210.0,call,193.7126,197.626,195.6693
2020-08-12,2020-09-11,3380.0,call,80.7837,82.4157,81.5997
2020-08-12,2020-09-11,3550.0,call,23.1273,23.5945,23.3609
2020-08-12,2020-09-11,3720.0,call,4.3763,4.4647,4.4205
2020-08-13,2020-09-12,3035.0,call,344.5109,351.4707,347.9908
2020-08-13,2020-09-12,3205.0,call,192.0449,195.9246,193.9848
2020-08-13,2020-09-12,3375.0,call,79.6622,81.2715,80.4668
2020-08-13,2020-09-12,3540.0,call,23.626,24.1033,23.8647
2020-08-13,2020-09-12,3710.0,call,4.4837,4.5743,4.529
2020-08-14,2020-09-13,3035.0,call,343.9526,350.9012,347.4269
2020-08-14,2020-09-13,3205.0,call,191.5669,195.437,193.502
2020-08-14,2020-09-13,3375.0,call,79.3609,80.9641,80.1625
2020-08-14,2020-09-13,3540.0,call,23.4994,23.9742,23.7368
2020-08-14,2020-09-13,3710.0,call,4.4515,4.5415,4.4965
2020-08-17,2020-09-16,3045.0,call,343.1875,350.1206,346.6541
2020-08-17,2020-09-16,3215.0,call,191.0261,194.8852,192.9557
2020-08-17,2020-09-16,3380.0,call,81.6458,83.2952,82.4705
2020-08-17,2020-09-16,3550.0,call,23.4815,23.9558,23.7186
2020-08-17,2020-09-16,3720.0,call,4.4662,4.5564,4.5113
2020-08-18,2020-09-17,3050.0,call,345.903,352.8909,349.397
2020-08-18,2020-09-17,3220.0,call,193.407,197.3142,195.3606
2020-08-18,2020-09-17,3390.0,call,80.7238,82.3546,81.5392
2020-08-18,2020-09-17,3560.0,call,23.1726,23.6408,23.4067
2020-08-18,2020-09-17,3730.0,call,4.4067,4.4957,4.4512
2020-08-19,2020-09-18,3035.0,call,345.8781,352.8655,349.3718
2020-08-19,2020-09-18,3205.0,call,193.2169,197.1203,195.1686
2020-08-19,2020-09-18,3375.0,call,80.4027,82.027,81.2149
2020-08-19,2020-09-18,3545.0,call,22.9364,23.3998,23.1681
2020-08-19,2020-09-18,3710.0,call,4.5633,4.6555,4.6094
2020-08-20,2020-09-19,3045.0,call,346.575,353.5765,350.0757
2020-08-20,2020-09-19,3215.0,call,193.9272,197.845,195.8861
2020-08-20,2020-09-19,3385.0,call,80.9868,82.6229,81.8048
2020-08-20,2020-09-19,3555.0,call,23.2456,23.7152,23.4804
2020-08-20,2020-09-19,3725.0,call,4.4158,4.505,4.4604
2020-08-21,2020-09-20,3055.0,call,348.2252,355.2601,351.7426
2020-08-21,2020-09-20,3225.0,call,195.4565,199.4052,197.4308
2020-08-21,2020-09-20,3395.0,call,82.0931,83.7516,82.9223
2020-08-21,2020-09-20,3565.0,call,23.7724,24.2526,24.0125
2020-08-21,2020-09-20,3735.0,call,4.5697,4.662,4.6159
2020-08-24,2020-09-23,3090.0,call,347.5956,354.6177,351.1067
2020-08-24,2020-09-23,3260.0,call,195.3072,199.2528,197.28
2020-08-24,2020-09-23,3430.0,call,82.4642,84.1301,83.2971
2020-08-24,2020-09-23,3605.0,call,23.1775,23.6458,23.4116
2020-08-24,2020-09-23,3775.0,call,4.493,4.5837,4.5384
2020-08-25,2020-09-24,3100.0,call,349.9088,356.9776,353.4432
2020-08-25,2020-09-24,3270.0,call,197.4044,201.3923,199.3984
2020-08-25,2020-09-24,3445.0,call,81.4302,83.0753,82.2528
2020-08-25,2020-09-24,3615.0,call,23.8477,24.3294,24.0885
2020-08-25,2020-09-24,3790.0,call,4.4402,4.5299,4.4851
2020-08-26,2020-09-25,3130.0,call,355.0122,362.1842,358.5982
2020-08-26,2020-09-25,3305.0,call,198.0739,202.0754,200.0746
2020-08-26,2020-09-25,3480.0,call,82.3221,83.9852,83.1536
2020-08-26,2020-09-25,3655.0,call,23.4691,23.9432,23.7062
2020-08-26,2020-09-25,3825.0,call,4.6636,4.7578,4.7107
2020-08-27,2020-09-26,3135.0,call,355.8324,363.0209,359.4266
2020-08-27,2020-09-26,3310.0,call,198.8331,202.8499,200.8415
2020-08-27,2020-09-26,3485.0,call,82.869,84.5431,83.7061
2020-08-27,2020-09-26,3660.0,call,23.7274,24.2068,23.9671
2020-08-27,2020-09-26,3835.0,call,4.4952,4.5861,4.5406
2020-08-28,2020-09-27,3155.0,call,359.2867,366.545,362.9158
2020-08-28,2020-09-27,3335.0,call,197.9812,201.9808,199.981
2020-08-28,2020-09-27,3510.0,call,82.663,84.333,83.498
2020-08-28,2020-09-27,3685.0,call,23.8165,24.2977,24.0571
2020-08-28,2020-09-27,3860.0,call,4.5651,4.6573,4.6112
2020-08-31,2020-09-30,3150.0,call,356.6567,363.8619,360.2593
2020-08-31,2020-09-30,3325.0,call,199.7086,203.7431,201.7258
2020-08-31,2020-09-30,3500.0,call,83.6243,85.3137,84.469
2020-08-31,2020-09-30,3675.0,call,24.1427,24.6304,24.3866
2020-08-31,2020-09-30,3850.0,call,4.6296,4.7231,4.6764
2020-09-01,2020-10-01,3175.0,call,358.1017,365.3361,361.7189
2020-09-01,2020-10-01,3350.0,call,201.2282,205.2934,203.2608
2020-09-01,2020-10-01,3525.0,call,84.9242,86.6398,85.782
2020-09-01,2020-10-01,3705.0,call,23.8606,24.3427,24.1017
2020-09-01,2020-10-01,3880.0,call,4.6141,4.7073,4.6607
2020-09-02,2020-10-02,3225.0,call,362.445,369.7671,366.1061
2020-09-02,2020-10-02,3400.0,call,205.5149,209.6667,207.5908
2020-09-02,2020-10-02,3580.0,call,85.8099,87.5434,86.6767
2020-09-02,2020-10-02,3760.0,call,24.6084,25.1056,24.857
2020-09-02,2020-10-02,3940.0,call,4.6665,4.7608,4.7137
2020-09-03,2020-10-03,3110.0,call,351.3564,358.4546,354.9055
2020-09-03,2020-10-03,3280.0,call,198.7601,202.7754,200.7677
2020-09-03,2020-10-03,3455.0,call,82.4203,84.0854,83.2528
2020-09-03,2020-10-03,3630.0,call,23.335,23.8064,23.5707
2020-09-03,2020-10-03,3800.0,call,4.5811,4.6736,4.6273
2020-09-04,2020-10-04,3085.0,call,348.2182,355.2529,351.7356
2020-09-04,2020-10-04,3255.0,call,195.7854,199.7407,197.763
2020-09-04,2020-10-04,3425.0,call,82.703,84.3738,83.5384
2020-09-04,2020-10-04,3600.0,call,23.2389,23.7083,23.4736
2020-09-04,2020-10-04,3770.0,call,4.4994,4.5903,4.5448
2020-09-08,2020-10-08,3000.0,call,337.9525,344.7798,341.3661
2020-09-08,2020-10-08,3165.0,call,190.0705,193.9103,191.9904
2020-09-08,2020-10-08,3330.0,call,80.3744,81.9982,81.1863
2020-09-08,2020-10-08,3500.0,call,22.609,23.0657,22.8374
2020-09-08,2020-10-08,3665.0,call,4.392,4.4808,4.4364
2020-09-09,2020-10-09,3060.0,call,345.1762,352.1495,348.6629
2020-09-09,2020-10-09,3230.0,call,192.8971,196.794,194.8456
2020-09-09,2020-10-09,3400.0,call,80.5342,82.1612,81.3477
2020-09-09,2020-10-09,3570.0,call,23.1644,23.6324,23.3984
2020-09-09,2020-10-09,3740.0,call,4.4236,4.5129,4.4682
2020-09-10,2020-10-10,3005.0,call,340.2444,347.118,343.6812
2020-09-10,2020-10-10,3170.0,call,192.0951,195.9758,194.0354
2020-09-10,2020-10-10,3340.0,call,79.2234,80.8239,80.0236
2020-09-10,2020-10-10,3505.0,call,23.1991,23.6677,23.4334
2020-09-10,2020-10-10,3675.0,call,4.3087,4.3958,4.3522
2020-09-11,2020-10-11,3005.0,call,341.9578,348.866,345.4119
2020-09-11,2020-10-11,3175.0,call,189.5195,193.3481,191.4338
2020-09-11,2020-10-11,3340.0,call,80.1551,81.7744,80.9648
2020-09-11,2020-10-11,3510.0,call,22.5906,23.047,22.8188
2020-09-11,2020-10-11,3675.0,call,4.4062,4.4952,4.4507
2020-09-14,2020-10-14,3045.0,call,344.6787,351.6419,348.1603
2020-09-14,2020-10-14,3215.0,call,192.3016,196.1865,194.2441
2020-09-14,2020-10-14,3385.0,call,79.9578,81.5732,80.7655
2020-09-14,2020-10-14,3555.0,call,22.8243,23.2854,23.0549
2020-09-14,2020-10-14,3720.0,call,4.5527,4.6446,4.5987
2020-09-15,2020-10-15,3060.0,call,347.3316,354.3484,350.84
2020-09-15,2020-10-15,3230.0,call,194.7448,198.6791,196.7119
2020-09-15,2020-10-15,3400.0,call,81.7067,83.3574,82.5321
2020-09-15,2020-10-15,3570.0,call,23.6478,24.1255,23.8866
2020-09-15,2020-10-15,3740.0,call,4.5474,4.6392,4.5933
2020-09-16,2020-10-16,3045.0,call,346.5557,353.5568,350.0563
2020-09-16,2020-10-16,3215.0,call,193.9107,197.8281,195.8694
2020-09-16,2020-10-16,3385.0,call,80.9763,82.6122,81.7943
2020-09-16,2020-10-16,3555.0,call,23.2413,23.7108,23.4761
2020-09-16,2020-10-16,3725.0,call,4.4147,4.5039,4.4593
2020-09-17,2020-10-17,3020.0,call,343.0514,349.9817,346.5165
2020-09-17,2020-10-17,3190.0,call,190.6255,194.4766,192.5511
2020-09-17,2020-10-17,3355.0,call,81.0602,82.6978,81.879
2020-09-17,2020-10-17,3525.0,call,23.0645,23.5304,23.2974
2020-09-17,2020-10-17,3695.0,call,4.3131,4.4002,4.3567
