band_bound,band_pct,band_slug,simulation_index,eval_seed,run_dir,benchmark_point_agent,benchmark_empirical_agent,benchmark_point_mean,benchmark_point_stddev,benchmark_point_cvar_50,benchmark_point_cvar_95,benchmark_point_cvar_99,benchmark_point_mae,benchmark_point_worstcase,benchmark_empirical_mean_error,benchmark_empirical_std_error,benchmark_empirical_mae_error,benchmark_empirical_mse_error,benchmark_empirical_worst_case,benchmark_empirical_var_95,benchmark_empirical_var_99,benchmark_empirical_q_1pct,benchmark_empirical_q_0_5pct,benchmark_empirical_q_0_1pct,benchmark_empirical_cvar_50,benchmark_empirical_cvar_90,benchmark_empirical_cvar_95,benchmark_empirical_cvar_99,benchmark_empirical_es_95,benchmark_empirical_es_99,benchmark_empirical_exceedance_left_1pct,benchmark_empirical_exceedance_left_0_1pct
0.0,0.0,0000,1,34,G:\Mi unidad\Tesis2026\Models\Organized\THESIS_FINAL\W1_gbm_fixed\1b_2_asian_geo_tc1_band\compare\_tmp_bs_band_calibration\band_0000__sim_01,asian_delta_hedging,asian_delta_hedging,-2.005012035369873,0.5672456622123718,4.630527973175049,5.501199722290039,5.939755916595459,4.178278923034668,7.014817237854004,-2.0050120754003524,0.5672456748345981,2.0050120754003524,4.341841078119787,4.824716091156006,3.026242017745972,3.487288374900818,-3.487288374900818,-3.6692120003700257,-4.11608493232727,2.454576742935181,3.099923726797104,3.3200818362236024,3.7560345005989073,3.3200818362236024,3.7560345005989073,0.01,0.001
0.01,1.0,0010,1,34,G:\Mi unidad\Tesis2026\Models\Organized\THESIS_FINAL\W1_gbm_fixed\1b_2_asian_geo_tc1_band\compare\_tmp_bs_band_calibration\band_0010__sim_01,asian_delta_hedging,asian_delta_hedging,-2.0017249584198,0.567097008228302,4.627038955688477,5.498945713043213,5.937646865844727,4.174972534179688,7.02826738357544,-2.001725025331974,0.5670970061365527,2.001725025331974,4.328502091409334,4.8380866050720215,3.024029541015625,3.4846398544311525,-3.4846398544311525,-3.666087584495545,-4.109812398910522,2.451108938074112,3.097532295465469,3.3178411617279053,3.7539385414123534,3.3178411617279053,3.7539385414123534,0.01,0.001
0.02,2.0,0020,1,34,G:\Mi unidad\Tesis2026\Models\Organized\THESIS_FINAL\W1_gbm_fixed\1b_2_asian_geo_tc1_band\compare\_tmp_bs_band_calibration\band_0020__sim_01,asian_delta_hedging,asian_delta_hedging,-1.9928638935089111,0.566846489906311,4.617888450622559,5.492671966552734,5.931112289428711,4.166058540344238,7.02826738357544,-1.9928639607906344,0.566846484143078,1.9928639607906344,4.292821702803503,4.8380866050720215,3.016523337364197,3.478856930732727,-3.478856930732727,-3.662654268741608,-4.109785193920136,2.4420126083374023,3.090643571853638,3.311604978561401,3.747442681789398,3.311604978561401,3.747442681789398,0.01,0.001
0.03,3.0,0030,1,34,G:\Mi unidad\Tesis2026\Models\Organized\THESIS_FINAL\W1_gbm_fixed\1b_2_asian_geo_tc1_band\compare\_tmp_bs_band_calibration\band_0030__sim_01,asian_delta_hedging,asian_delta_hedging,-1.98023784160614,0.5669180750846863,4.605335235595703,5.485135078430176,5.925663471221924,4.153357028961182,7.02826738357544,-1.9802378639936449,0.5669180496974587,1.9802378639936449,4.242738073066883,4.8380866050720215,3.0092978477478027,3.4648095035552977,-3.4648095035552977,-3.652074666023255,-4.109785193920136,2.4295338526725767,3.0821987931728363,3.30411266708374,3.7420266103744506,3.30411266708374,3.7420266103744506,0.01,0.001
0.04,4.0,0040,1,34,G:\Mi unidad\Tesis2026\Models\Organized\THESIS_FINAL\W1_gbm_fixed\1b_2_asian_geo_tc1_band\compare\_tmp_bs_band_calibration\band_0040__sim_01,asian_delta_hedging,asian_delta_hedging,-1.9643514156341555,0.5672509074211121,4.590013980865479,5.474710941314697,5.915023326873779,4.137375831604004,7.02826738357544,-1.964351416540146,0.5672508984293956,1.964351416540146,4.180450069432235,4.8380866050720215,2.994407558441162,3.4579550981521607,-3.4579550981521607,-3.6498575901985166,-4.093210813522339,2.4143034520626068,3.070865354537964,3.293750346183777,3.7314493298530578,3.293750346183777,3.7314493298530578,0.01,0.001
0.05,5.0,0050,1,34,G:\Mi unidad\Tesis2026\Models\Organized\THESIS_FINAL\W1_gbm_fixed\1b_2_asian_geo_tc1_band\compare\_tmp_bs_band_calibration\band_0050__sim_01,asian_delta_hedging,asian_delta_hedging,-1.94524610042572,0.5674982666969299,4.571567058563232,5.457118988037109,5.8952956199646,4.118156433105469,7.04429817199707,-1.9452462434887885,0.5674982640043607,1.9452462434887885,4.106037227455206,4.85402250289917,2.978453540802002,3.4391756439208985,-3.4391756439208985,-3.620425441265106,-4.059256441116333,2.3959661287784577,3.0531487736701965,3.2762621450424194,3.711838295459748,3.2762621450424194,3.711838295459748,0.01,0.001
0.06,6.0,0060,1,34,G:\Mi unidad\Tesis2026\Models\Organized\THESIS_FINAL\W1_gbm_fixed\1b_2_asian_geo_tc1_band\compare\_tmp_bs_band_calibration\band_0060__sim_01,asian_delta_hedging,asian_delta_hedging,-1.924421310424805,0.5677750706672668,4.550870418548584,5.440762996673584,5.882337093353272,4.097207069396973,7.106902599334717,-1.9244212932467464,0.5677750407068378,1.9244212932467464,4.025765810751129,4.916254997253418,2.9655700445175173,3.42485716342926,-3.42485716342926,-3.614147636890412,-4.080292651176452,2.3753921288013458,3.03695388174057,3.260003886699677,3.698956685066223,3.260003886699677,3.698956685066223,0.01,0.001
0.07,7.000000000000001,0070,1,34,G:\Mi unidad\Tesis2026\Models\Organized\THESIS_FINAL\W1_gbm_fixed\1b_2_asian_geo_tc1_band\compare\_tmp_bs_band_calibration\band_0070__sim_01,asian_delta_hedging,asian_delta_hedging,-1.9033141136169436,0.5683301687240601,4.529961585998535,5.421929836273193,5.867580413818359,4.075973987579346,7.061612129211426,-1.9033141496658328,0.5683301747900884,1.9033141496658328,3.9456039398951033,4.8712334632873535,2.945546293258667,3.4173478984832766,-3.4173478984832766,-3.601423079967499,-3.994318388938904,2.354607461190224,3.0180455367565155,3.2412819871902467,3.6842875814437863,3.2412819871902467,3.6842875814437863,0.01,0.001
0.08,8.0,0080,1,34,G:\Mi unidad\Tesis2026\Models\Organized\THESIS_FINAL\W1_gbm_fixed\1b_2_asian_geo_tc1_band\compare\_tmp_bs_band_calibration\band_0080__sim_01,asian_delta_hedging,asian_delta_hedging,-1.8802995681762693,0.5713081955909729,4.510014057159424,5.403250217437744,5.851089000701904,4.052822113037109,7.136659145355225,-1.880299772834778,0.571308205019502,1.880299772834778,3.861920300845122,4.945835113525391,2.916458082199097,3.382633528709412,-3.382633528709412,-3.5816110157966614,-4.034101529121399,2.3347779959201813,3.0004568667411804,3.222713222980499,3.667893881797791,3.222713222980499,3.667893881797791,0.01,0.001
0.09,9.0,0090,1,34,G:\Mi unidad\Tesis2026\Models\Organized\THESIS_FINAL\W1_gbm_fixed\1b_2_asian_geo_tc1_band\compare\_tmp_bs_band_calibration\band_0090__sim_01,asian_delta_hedging,asian_delta_hedging,-1.8563969135284424,0.5720833539962769,4.486413955688477,5.383871078491211,5.832694053649902,4.0287766456604,7.085855484008789,-1.8563968532443047,0.5720833532242924,1.8563968532443047,3.773488639771707,4.89533281326294,2.9110307693481445,3.3557218456268307,-3.3557218456268307,-3.5563886404037475,-4.020477964401245,2.3113183055877684,2.9802687821388245,3.2034491958618165,3.6496086049079897,3.2034491958618165,3.6496086049079897,0.01,0.001
0.1,10.0,0100,1,34,G:\Mi unidad\Tesis2026\Models\Organized\THESIS_FINAL\W1_gbm_fixed\1b_2_asian_geo_tc1_band\compare\_tmp_bs_band_calibration\band_0100__sim_01,asian_delta_hedging,asian_delta_hedging,-1.8329064846038816,0.5745508074760437,4.464935779571533,5.367315292358398,5.827171802520752,4.005146026611328,7.086179733276367,-1.832906519174576,0.5745507851241582,1.832906519174576,3.6896549127194462,4.895655155181885,2.881385564804077,3.351498217582703,-3.351498217582703,-3.540773355960846,-4.007670348167419,2.289967280268669,2.9607974655628206,3.186992210388184,3.6441192698478697,3.186992210388184,3.6441192698478697,0.01,0.001
0.11,11.0,0110,1,34,G:\Mi unidad\Tesis2026\Models\Organized\THESIS_FINAL\W1_gbm_fixed\1b_2_asian_geo_tc1_band\compare\_tmp_bs_band_calibration\band_0110__sim_01,asian_delta_hedging,asian_delta_hedging,-1.8072210550308228,0.5791193246841431,4.442534923553467,5.351747035980225,5.802807807922363,3.979307413101196,7.08646821975708,-1.807221284592152,0.5791193274152509,1.807221284592152,3.6014279668687994,4.895942211151123,2.8689664363861085,3.3468857860565184,-3.3468857860565184,-3.5352925515174864,-4.0158518676757815,2.2676996662855147,2.9449466209411623,3.171515429496765,3.621264643669128,3.171515429496765,3.621264643669128,0.01005,0.001
0.12,12.0,0120,1,34,G:\Mi unidad\Tesis2026\Models\Organized\THESIS_FINAL\W1_gbm_fixed\1b_2_asian_geo_tc1_band\compare\_tmp_bs_band_calibration\band_0120__sim_01,asian_delta_hedging,asian_delta_hedging,-1.7828058004379272,0.5846641063690186,4.422112464904785,5.335886955261231,5.801326751708984,3.9547464847564697,7.216075897216797,-1.7828059393882751,0.5846641058790878,1.7828059393882751,3.520229134221504,5.024780750274658,2.8453585147857665,3.331551232337952,-3.331551232337952,-3.53790789604187,-3.984616186618805,2.2473982366800307,2.926590404510498,3.155749487400055,3.618427002429962,3.155749487400055,3.618427002429962,0.01,0.001
0.13,13.0,0130,1,34,G:\Mi unidad\Tesis2026\Models\Organized\THESIS_FINAL\W1_gbm_fixed\1b_2_asian_geo_tc1_band\compare\_tmp_bs_band_calibration\band_0130__sim_01,asian_delta_hedging,asian_delta_hedging,-1.7577357292175293,0.587990939617157,4.399289608001709,5.320789337158203,5.789163589477539,3.9295265674591056,7.204724788665772,-1.757735839819908,0.5879909418570166,1.7577422289371492,3.4353686302933,5.01349687576294,2.821865963935852,3.3241631603240966,-3.3241631603240966,-3.5333196687698365,-3.957050550937653,2.224711122584343,2.906012540102005,3.1407422189712526,3.606337127685547,3.1407422189712526,3.606337127685547,0.01,0.001
0.14,14.000000000000002,0140,1,34,G:\Mi unidad\Tesis2026\Models\Organized\THESIS_FINAL\W1_gbm_fixed\1b_2_asian_geo_tc1_band\compare\_tmp_bs_band_calibration\band_0140__sim_01,asian_delta_hedging,asian_delta_hedging,-1.7329720258712769,0.5919649004936218,4.378078937530518,5.301987648010254,5.764849185943604,3.9046151638031006,7.016288757324219,-1.732972113764286,0.591964907224246,1.7330146154522896,3.353614798469668,4.826179027557373,2.8041189670562745,3.307436466217041,-3.307436466217041,-3.495108828544617,-3.894045936107636,2.2036259358644483,2.8874213259220123,3.122051769733429,3.582166705131531,3.122051769733429,3.582166705131531,0.01,0.001
0.15,15.0,0150,1,34,G:\Mi unidad\Tesis2026\Models\Organized\THESIS_FINAL\W1_gbm_fixed\1b_2_asian_geo_tc1_band\compare\_tmp_bs_band_calibration\band_0150__sim_01,asian_delta_hedging,asian_delta_hedging,-1.7100379467010498,0.5999761819839478,4.361135959625244,5.296353340148926,5.767618179321289,3.8815436363220215,6.822878360748291,-1.7100378090023995,0.5999762033929991,1.710058312690258,3.2842007528556043,4.63391637802124,2.7950920820236207,3.3097557544708254,-3.3097557544708254,-3.4870266771316527,-3.920606429576874,2.186783548641205,2.8792323203086854,3.116451190471649,3.5849188065528867,3.116451190471649,3.5849188065528867,0.01,0.001
0.16,16.0,0160,1,34,G:\Mi unidad\Tesis2026\Models\Organized\THESIS_FINAL\W1_gbm_fixed\1b_2_asian_geo_tc1_band\compare\_tmp_bs_band_calibration\band_0160__sim_01,asian_delta_hedging,asian_delta_hedging,-1.6847903728485107,0.6057296991348267,4.33969783782959,5.283074378967285,5.752758026123047,3.856146097183228,7.055361270904541,-1.684790511393547,0.6057297326799569,1.6848121943235397,3.205427576334261,4.865019798278809,2.784281301498413,3.2950990533828737,-3.2950990533828737,-3.478366913795471,-3.929639717102051,2.165473220038414,2.8657758271694185,3.1032510294914246,3.5701471257209776,3.1032510294914246,3.5701471257209776,0.01,0.001
0.17,17.0,0170,1,34,G:\Mi unidad\Tesis2026\Models\Organized\THESIS_FINAL\W1_gbm_fixed\1b_2_asian_geo_tc1_band\compare\_tmp_bs_band_calibration\band_0170__sim_01,asian_delta_hedging,asian_delta_hedging,-1.662736892700195,0.6139235496520996,4.323150157928467,5.28192949295044,5.768958568572998,3.833960056304932,6.868192195892334,-1.6627368180215358,0.613923513182603,1.6628619029343128,3.141595806042852,4.678961277008057,2.7679674863815307,3.30728533744812,-3.30728533744812,-3.5079871559143068,-3.9495629749298096,2.1490230296611785,2.856743499517441,3.10211278963089,3.586251609325409,3.10211278963089,3.586251609325409,0.01,0.001
0.18,18.0,0180,1,34,G:\Mi unidad\Tesis2026\Models\Organized\THESIS_FINAL\W1_gbm_fixed\1b_2_asian_geo_tc1_band\compare\_tmp_bs_band_calibration\band_0180__sim_01,asian_delta_hedging,asian_delta_hedging,-1.6378734111785889,0.6207740902900696,4.301793575286865,5.280282020568848,5.783587455749512,3.808948516845703,6.846648693084717,-1.6378734288990495,0.6207740784654459,1.6381970479905603,3.0679898255881546,4.657545566558838,2.7551628589630126,3.3216404247283937,-3.3216404247283937,-3.510776195526123,-3.98446684551239,2.127793670654297,2.8467985548973083,3.1004750595092774,3.600793240070343,3.1004750595092774,3.600793240070343,0.01,0.001
0.19,19.0,0190,1,34,G:\Mi unidad\Tesis2026\Models\Organized\THESIS_FINAL\W1_gbm_fixed\1b_2_asian_geo_tc1_band\compare\_tmp_bs_band_calibration\band_0190__sim_01,asian_delta_hedging,asian_delta_hedging,-1.6151624917984009,0.6303715705871582,4.285147666931152,5.28509521484375,5.797984600067139,3.786102056503296,6.77060079574585,-1.6151624354958534,0.6303715445330731,1.6156954411387443,3.006117977193909,4.581949234008789,2.745047926902771,3.3262400245666504,-3.3262400245666504,-3.533211517333984,-3.996535507202149,2.1112462198257447,2.844434893846512,3.1052596158981323,3.615105149745941,3.1052596158981323,3.615105149745941,0.01,0.001
0.2,20.0,0200,1,34,G:\Mi unidad\Tesis2026\Models\Organized\THESIS_FINAL\W1_gbm_fixed\1b_2_asian_geo_tc1_band\compare\_tmp_bs_band_calibration\band_0200__sim_01,asian_delta_hedging,asian_delta_hedging,-1.592970848083496,0.6364786624908447,4.2671427726745605,5.264247417449951,5.796889781951904,3.7637782096862793,6.9141340255737305,-1.5929708907723428,0.6364786618964617,1.5937330120921136,2.942661345897541,4.724630832672119,2.7276650428771974,3.314939246177673,-3.314939246177673,-3.5286669397354125,-4.0211675233840944,2.093348656606674,2.8271765677928924,3.0845357723236084,3.614016492366791,3.0845357723236084,3.614016492366791,0.01,0.001
0.21,21.0,0210,1,34,G:\Mi unidad\Tesis2026\Models\Organized\THESIS_FINAL\W1_gbm_fixed\1b_2_asian_geo_tc1_band\compare\_tmp_bs_band_calibration\band_0210__sim_01,asian_delta_hedging,asian_delta_hedging,-1.57097065448761,0.6450704336166382,4.250784397125244,5.265071392059326,5.801678657531738,3.7416465282440186,6.960671901702881,-1.570970582151413,0.645070439260908,1.571935569024086,2.8840644415934102,4.770892143249512,2.7267098665237426,3.3162271928787237,-3.3162271928787237,-3.5350133895874025,-3.978576037883759,2.0770869087457657,2.824260495901108,3.0853541259765627,3.618777527809143,3.0853541259765627,3.618777527809143,0.01,0.001
0.22,22.0,0220,1,34,G:\Mi unidad\Tesis2026\Models\Organized\THESIS_FINAL\W1_gbm_fixed\1b_2_asian_geo_tc1_band\compare\_tmp_bs_band_calibration\band_0220__sim_01,asian_delta_hedging,asian_delta_hedging,-1.549167513847351,0.6556628346443176,4.23591423034668,5.266551971435547,5.824552536010742,3.7197132110595694,6.960671901702881,-1.5491675180733204,0.6556628762066684,1.550571310967207,2.8298138062890525,4.770892143249512,2.725718474388122,3.3274470806121825,-3.3274470806121825,-3.5606340885162355,-4.098428157329559,2.062305275678635,2.821708687543869,3.086826143741608,3.641515574455261,3.086826143741608,3.641515574455261,0.01,0.001
0.23,23.0,0230,1,34,G:\Mi unidad\Tesis2026\Models\Organized\THESIS_FINAL\W1_gbm_fixed\1b_2_asian_geo_tc1_band\compare\_tmp_bs_band_calibration\band_0230__sim_01,asian_delta_hedging,asian_delta_hedging,-1.5290299654006958,0.6659224033355713,4.222996711730957,5.260658264160156,5.832426071166992,3.699455499649048,7.060528755187988,-1.529029951584339,0.6659224124431665,1.5308864862322806,2.781385252236133,4.870156764984131,2.7200286388397217,3.303783645629883,-3.303783645629883,-3.5470683646202086,-4.144241824150085,2.049463771390915,2.815719752788544,3.0809679722785948,3.649341871738434,3.0809679722785948,3.649341871738434,0.01,0.001
0.24,24.0,0240,1,34,G:\Mi unidad\Tesis2026\Models\Organized\THESIS_FINAL\W1_gbm_fixed\1b_2_asian_geo_tc1_band\compare\_tmp_bs_band_calibration\band_0240__sim_01,asian_delta_hedging,asian_delta_hedging,-1.511183738708496,0.6778026223182678,4.214246273040772,5.267551898956299,5.857385158538818,3.681502342224121,7.060528755187988,-1.5111837540447712,0.6778025965554061,1.5139366079986096,2.743092698386098,4.870156764984131,2.7066717624664305,3.323899173736572,-3.323899173736572,-3.571181392669678,-4.144241824150085,2.040765500330925,2.8131760730743407,3.087820508480072,3.674153506755829,3.087820508480072,3.674153506755829,0.01,0.001
0.25,25.0,0250,1,34,G:\Mi unidad\Tesis2026\Models\Organized\THESIS_FINAL\W1_gbm_fixed\1b_2_asian_geo_tc1_band\compare\_tmp_bs_band_calibration\band_0250__sim_01,asian_delta_hedging,asian_delta_hedging,-1.4902043342590332,0.6921620965003967,4.204767227172852,5.26017951965332,5.835063457489014,3.660398006439209,7.060528755187988,-1.4902043505191802,0.6921620587899334,1.4943389346122742,2.699797321934611,4.870156764984131,2.710919094085693,3.3054258251190185,-3.3054258251190185,-3.556586170196533,-4.085270452976227,2.031343132519722,2.811269675731659,3.0804919452667234,3.651963732242584,3.0804919452667234,3.651963732242584,0.01,0.001
0.26,26.0,0260,1,34,G:\Mi unidad\Tesis2026\Models\Organized\THESIS_FINAL\W1_gbm_fixed\1b_2_asian_geo_tc1_band\compare\_tmp_bs_band_calibration\band_0260__sim_01,asian_delta_hedging,asian_delta_hedging,-1.4711564779281616,0.70948725938797,4.19963264465332,5.278550624847412,5.867557525634766,3.641235828399658,7.193233966827393,-1.4711564355909823,0.7094872536427791,1.476684885877371,2.6676734210623376,5.002074241638184,2.7171749591827394,3.363664121627808,-3.363664121627808,-3.598940188884735,-4.063138643741608,2.026239050078392,2.821212238311768,3.0987537055015566,3.6842651891708376,3.0987537055015566,3.6842651891708376,0.01,0.001
0.27,27.0,0270,1,34,G:\Mi unidad\Tesis2026\Models\Organized\THESIS_FINAL\W1_gbm_fixed\1b_2_asian_geo_tc1_band\compare\_tmp_bs_band_calibration\band_0270__sim_01,asian_delta_hedging,asian_delta_hedging,-1.4512393474578855,0.72319495677948,4.1891279220581055,5.296465873718262,5.892898082733154,3.6212003231048575,7.474825859069824,-1.4512393551826477,0.7231949681972605,1.4582345713853837,2.629106628056784,5.281994819641113,2.718998122215271,3.372670407295227,-3.372670407295227,-3.625765128135681,-4.131161305427551,2.015796747136116,2.831413136959076,3.1165624346733094,3.709455287456513,3.1165624346733094,3.709455287456513,0.01,0.00105
0.28,28.000000000000004,0280,1,34,G:\Mi unidad\Tesis2026\Models\Organized\THESIS_FINAL\W1_gbm_fixed\1b_2_asian_geo_tc1_band\compare\_tmp_bs_band_calibration\band_0280__sim_01,asian_delta_hedging,asian_delta_hedging,-1.4300280809402466,0.7355166077613831,4.177917003631592,5.29945707321167,5.898295879364014,3.599862575531006,7.137912750244141,-1.430028154683113,0.7355166184751577,1.438352847623825,2.58596521923952,4.947081089019775,2.7281755685806277,3.3764454460144044,-3.3764454460144044,-3.643099384307861,-4.143896682739258,2.004652207541466,2.83784015917778,3.1195363354682923,3.714820718765259,3.1195363354682923,3.714820718765259,0.01,0.001
0.29,28.999999999999996,0290,1,34,G:\Mi unidad\Tesis2026\Models\Organized\THESIS_FINAL\W1_gbm_fixed\1b_2_asian_geo_tc1_band\compare\_tmp_bs_band_calibration\band_0290__sim_01,asian_delta_hedging,asian_delta_hedging,-1.408028483390808,0.7520154118537903,4.166024208068848,5.32178258895874,5.920462131500244,3.577731132507324,7.124154567718506,-1.4080284621179104,0.7520153972763375,1.4180082005798818,2.548071307874816,4.933404922485352,2.752980947494507,3.399568309783936,-3.399568309783936,-3.654079539775848,-4.186866103649139,1.9928295826911928,2.8599900658130646,3.141729437828064,3.736855592727661,3.141729437828064,3.736855592727661,0.01,0.001
0.3,30.0,0300,1,34,G:\Mi unidad\Tesis2026\Models\Organized\THESIS_FINAL\W1_gbm_fixed\1b_2_asian_geo_tc1_band\compare\_tmp_bs_band_calibration\band_0300__sim_01,asian_delta_hedging,asian_delta_hedging,-1.3872623443603516,0.7657158374786377,4.151362419128418,5.362698078155518,5.987228870391846,3.5568413734436035,7.215405464172363,-1.387262417280674,0.7657158547204737,1.3988559846758843,2.510817784569724,5.02411413192749,2.773139214515686,3.4524592924118043,-3.4524592924118043,-3.742961077690124,-4.207879964828491,1.978255484867096,2.8860670890808104,3.1824018626213078,3.80322669506073,3.1824018626213078,3.80322669506073,0.01,0.001
0.31,31.0,0310,1,34,G:\Mi unidad\Tesis2026\Models\Organized\THESIS_FINAL\W1_gbm_fixed\1b_2_asian_geo_tc1_band\compare\_tmp_bs_band_calibration\band_0310__sim_01,asian_delta_hedging,asian_delta_hedging,-1.364885687828064,0.7768003344535828,4.13377571105957,5.396653652191162,6.023932933807373,3.5343313217163086,7.195186614990234,-1.364885798150301,0.7768003304857292,1.378208561271429,2.4663319954351217,5.0040154457092285,2.8039724349975588,3.4806148386001587,-3.4806148386001587,-3.74999235868454,-4.252355924606324,1.9607730768918992,2.906150728225708,3.216155928611756,3.839712979793549,3.216155928611756,3.839712979793549,0.01,0.001
0.32,32.0,0320,1,34,G:\Mi unidad\Tesis2026\Models\Organized\THESIS_FINAL\W1_gbm_fixed\1b_2_asian_geo_tc1_band\compare\_tmp_bs_band_calibration\band_0320__sim_01,asian_delta_hedging,asian_delta_hedging,-1.3421735763549805,0.7874854207038879,4.114768028259277,5.4319047927856445,6.064777851104736,3.511483669281006,7.302969932556152,-1.342173612380028,0.7874854314502905,1.357997871994972,2.421563310515703,5.111158847808838,2.814749598503113,3.5256019973754884,-3.5256019973754884,-3.7777164244651793,-4.331118631839752,1.941878112578392,2.921407304286957,3.251197714805603,3.8803150033950806,3.251197714805603,3.8803150033950806,0.01,0.001
0.33,33.0,0330,1,34,G:\Mi unidad\Tesis2026\Models\Organized\THESIS_FINAL\W1_gbm_fixed\1b_2_asian_geo_tc1_band\compare\_tmp_bs_band_calibration\band_0330__sim_01,asian_delta_hedging,asian_delta_hedging,-1.3241158723831177,0.8001289367675781,4.101191997528076,5.476110458374023,6.19611930847168,3.4933180809021,7.815661430358887,-1.3241157847762108,0.8001289512289201,1.3431438270688056,2.393488950088212,5.620807647705078,2.820243716239929,3.5910704851150514,-3.5910704851150514,-3.9024760580062874,-4.520490617275238,1.928382596874237,2.9406176471710204,3.295140852928162,4.010877318382264,3.295140852928162,4.010877318382264,0.01,0.001
0.34,34.0,0340,1,34,G:\Mi unidad\Tesis2026\Models\Organized\THESIS_FINAL\W1_gbm_fixed\1b_2_asian_geo_tc1_band\compare\_tmp_bs_band_calibration\band_0340__sim_01,asian_delta_hedging,asian_delta_hedging,-1.3021304607391355,0.8038880825042725,4.079534530639648,5.483109474182129,6.250640869140625,3.471201181411743,8.267511367797852,-1.3021304318726064,0.8038880516542309,1.3238875291764736,2.3417796612011754,6.069976329803467,2.795109415054321,3.6299151468276976,-3.6299151468276976,-3.9740597224235534,-4.5503963618278505,1.9068536779403689,2.9284567291736603,3.302098392486572,4.065074956417083,3.302098392486572,4.065074956417083,0.01,0.001
0.35,35.0,0350,1,34,G:\Mi unidad\Tesis2026\Models\Organized\THESIS_FINAL\W1_gbm_fixed\1b_2_asian_geo_tc1_band\compare\_tmp_bs_band_calibration\band_0350__sim_01,asian_delta_hedging,asian_delta_hedging,-1.284094214439392,0.8142401576042175,4.067567825317383,5.508817195892334,6.282915115356445,3.4530575275421143,7.978574275970459,-1.2840942782223224,0.8142401502630334,1.3090196483314038,2.311885137663675,5.782753944396973,2.792425465583801,3.6701904296875,-3.6701904296875,-3.973404541015625,-4.693702026367188,1.8949579411506647,2.935109897851944,3.327654411315918,4.09715797662735,3.327654411315918,4.09715797662735,0.01,0.001
0.36,36.0,0360,1,34,G:\Mi unidad\Tesis2026\Models\Organized\THESIS_FINAL\W1_gbm_fixed\1b_2_asian_geo_tc1_band\compare\_tmp_bs_band_calibration\band_0360__sim_01,asian_delta_hedging,asian_delta_hedging,-1.2669298648834229,0.8175603747367859,4.0526533126831055,5.493120193481445,6.344788074493408,3.435790538787842,7.795185089111328,-1.266929904985428,0.8175603755449447,1.2948845484018323,2.2735163518075763,5.600452899932861,2.7624136209487915,3.6538718128204346,-3.6538718128204346,-4.03838790178299,-4.793535946369171,1.8801319877147675,2.911207510948181,3.3120498428344725,4.158663663864136,3.3120498428344725,4.158663663864136,0.01,0.001
0.37,37.0,0370,1,34,G:\Mi unidad\Tesis2026\Models\Organized\THESIS_FINAL\W1_gbm_fixed\1b_2_asian_geo_tc1_band\compare\_tmp_bs_band_calibration\band_0370__sim_01,asian_delta_hedging,asian_delta_hedging,-1.247645139694214,0.8154346346855164,4.0321197509765625,5.45828104019165,6.303104400634766,3.4163906574249268,8.190123558044434,-1.2476450817346574,0.8154346806645443,1.2793483229398728,2.2215519684071667,5.99304723739624,2.696472907066345,3.630939145088196,-3.630939145088196,-3.9798230123519898,-4.637362651824951,1.859720378088951,2.8694234540462493,3.277417704582214,4.117226593494415,3.277417704582214,4.117226593494415,0.01,0.001
0.38,38.0,0380,1,34,G:\Mi unidad\Tesis2026\Models\Organized\THESIS_FINAL\W1_gbm_fixed\1b_2_asian_geo_tc1_band\compare\_tmp_bs_band_calibration\band_0380__sim_01,asian_delta_hedging,asian_delta_hedging,-1.2339537143707275,0.8262138366699219,4.0231146812438965,5.464526176452637,6.371444225311279,3.40262222290039,8.190123558044434,-1.2339537892997263,0.8262138563914241,1.2711980362951756,2.2052712906203427,5.99304723739624,2.6914700508117675,3.647912712097168,-3.647912712097168,-4.032436130046844,-4.877756660938263,1.8507683222055435,2.8712898495197297,3.28362523317337,4.185161499977112,3.28362523317337,4.185161499977112,0.01,0.001
0.39,39.0,0390,1,34,G:\Mi unidad\Tesis2026\Models\Organized\THESIS_FINAL\W1_gbm_fixed\1b_2_asian_geo_tc1_band\compare\_tmp_bs_band_calibration\band_0390__sim_01,asian_delta_hedging,asian_delta_hedging,-1.2205137014389038,0.8327094316482544,4.013647079467773,5.46019458770752,6.37690544128418,3.3891024589538574,8.266335487365723,-1.2205137397408483,0.8327094468694736,1.2623149946570396,2.1830588118018563,6.068807125091553,2.6753994941711423,3.654469060897827,-3.654469060897827,-4.048113989830017,-4.87631471824646,1.841357130074501,2.865848640680313,3.2793200097084045,4.190590150356293,3.2793200097084045,4.190590150356293,0.01,0.001
0.4,40.0,0400,1,34,G:\Mi unidad\Tesis2026\Models\Organized\THESIS_FINAL\W1_gbm_fixed\1b_2_asian_geo_tc1_band\compare\_tmp_bs_band_calibration\band_0400__sim_01,asian_delta_hedging,asian_delta_hedging,-1.2114295959472656,0.8407878875732422,4.009604454040527,5.464488506317139,6.425954818725586,3.3799588680267334,8.604466438293457,-1.2114296080708504,0.8407879457619332,1.256840865337849,2.174486065049265,6.404931545257568,2.6881510496139525,3.660992612838745,-3.660992612838745,-4.048006777763367,-5.073681870937348,1.8373383207082747,2.865725987195969,3.283588243961334,4.239348816871643,3.283588243961334,4.239348816871643,0.01,0.001
0.41,41.0,0410,1,34,G:\Mi unidad\Tesis2026\Models\Organized\THESIS_FINAL\W1_gbm_fixed\1b_2_asian_geo_tc1_band\compare\_tmp_bs_band_calibration\band_0410__sim_01,asian_delta_hedging,asian_delta_hedging,-1.2017902135849,0.8532196283340454,4.007510185241699,5.491077899932861,6.442156791687012,3.3702616691589355,8.626749992370605,-1.201790166181326,0.8532196886826543,1.2526734957516192,2.172283440685864,6.427082538604736,2.7128666162490847,3.670299835205078,-3.670299835205078,-4.052017154693604,-5.101017339706421,1.8352566650390625,2.884637090444565,3.3100199842453004,4.255454189777375,3.3100199842453004,4.255454189777375,0.01,0.001
0.42,42.0,0420,1,34,G:\Mi unidad\Tesis2026\Models\Organized\THESIS_FINAL\W1_gbm_fixed\1b_2_asian_geo_tc1_band\compare\_tmp_bs_band_calibration\band_0420__sim_01,asian_delta_hedging,asian_delta_hedging,-1.1944663524627686,0.8608721494674683,4.005983829498291,5.482659339904785,6.418699741363525,3.3628971576690674,8.635515213012695,-1.1944663978517056,0.8608721528111049,1.2514725936710835,2.167850839082455,6.43579626083374,2.710120439529419,3.680999565124512,-3.680999565124512,-4.032472388744354,-4.969906433582306,1.8337395961999892,2.881034645318985,3.30165124130249,4.232137148380279,3.30165124130249,4.232137148380279,0.01,0.001
0.43,43.0,0430,1,34,G:\Mi unidad\Tesis2026\Models\Organized\THESIS_FINAL\W1_gbm_fixed\1b_2_asian_geo_tc1_band\compare\_tmp_bs_band_calibration\band_0430__sim_01,asian_delta_hedging,asian_delta_hedging,-1.1874775886535645,0.8714702129364014,4.0075883865356445,5.500460147857666,6.442673206329346,3.3558669090271,8.77259635925293,-1.1874775449991226,0.8714702179512974,1.2477250351667404,2.1695632606532254,6.57206392288208,2.716347312927246,3.7057256746292113,-3.7057256746292113,-4.051153514385224,-5.065824991226196,1.835333868288994,2.895822561740875,3.31934605884552,4.25596762418747,3.31934605884552,4.25596762418747,0.01,0.001
0.44,44.0,0440,1,34,G:\Mi unidad\Tesis2026\Models\Organized\THESIS_FINAL\W1_gbm_fixed\1b_2_asian_geo_tc1_band\compare\_tmp_bs_band_calibration\band_0440__sim_01,asian_delta_hedging,asian_delta_hedging,-1.1823101043701172,0.8829985857009888,4.011213779449463,5.518559455871582,6.458712100982666,3.3506710529327397,8.680870056152344,-1.1823100543439389,0.88299854885673,1.248118218165636,2.1775435018858587,6.480881214141846,2.715143704414368,3.734663600921631,-3.734663600921631,-4.058667738437652,-5.0215806369781495,1.838938505458832,2.906344666719437,3.3373384523391723,4.271911253929138,3.3373384523391723,4.271911253929138,0.01,0.001
0.45,45.0,0450,1,34,G:\Mi unidad\Tesis2026\Models\Organized\THESIS_FINAL\W1_gbm_fixed\1b_2_asian_geo_tc1_band\compare\_tmp_bs_band_calibration\band_0450__sim_01,asian_delta_hedging,asian_delta_hedging,-1.171851396560669,0.8926928043365479,4.007176399230957,5.515280246734619,6.466561794281006,3.340162515640259,8.987016677856445,-1.1718513967216015,0.89269280581586,1.244800584322214,2.170136141553761,6.785211086273193,2.714228701591492,3.726111350059509,-3.726111350059509,-4.058667738437652,-5.054052690982819,1.834924571609497,2.905356122493744,3.3340786938667297,4.27971446275711,3.3340786938667297,4.27971446275711,0.01,0.001
0.46,46.0,0460,1,34,G:\Mi unidad\Tesis2026\Models\Organized\THESIS_FINAL\W1_gbm_fixed\1b_2_asian_geo_tc1_band\compare\_tmp_bs_band_calibration\band_0460__sim_01,asian_delta_hedging,asian_delta_hedging,-1.1658685207366943,0.900943636894226,4.007286548614502,5.518979549407959,6.4678168296813965,3.334175109863281,8.987016677856445,-1.1658685412108898,0.900943623514887,1.243174155408144,2.170948868137342,6.785211086273193,2.7222069978713987,3.70163182258606,-3.70163182258606,-4.048622105121613,-5.100135335922241,1.8350349548101423,2.9117383205890657,3.3377557525634765,4.280962111949921,3.3377557525634765,4.280962111949921,0.01,0.001
0.47,47.0,0470,1,34,G:\Mi unidad\Tesis2026\Models\Organized\THESIS_FINAL\W1_gbm_fixed\1b_2_asian_geo_tc1_band\compare\_tmp_bs_band_calibration\band_0470__sim_01,asian_delta_hedging,asian_delta_hedging,-1.1627800464630127,0.9133359789848328,4.0116868019104,5.541289806365967,6.521345138549805,3.3311703205108643,8.987016677856445,-1.1627801688432693,0.9133359985441796,1.2451757511615753,2.186240367291876,6.785211086273193,2.7483426094055177,3.719785542488098,-3.719785542488098,-4.087825014591217,-5.28137468290329,1.8394085010290149,2.930300252914429,3.359933861732483,4.334172945022583,3.359933861732483,4.334172945022583,0.01,0.001
0.48,48.0,0480,1,34,G:\Mi unidad\Tesis2026\Models\Organized\THESIS_FINAL\W1_gbm_fixed\1b_2_asian_geo_tc1_band\compare\_tmp_bs_band_calibration\band_0480__sim_01,asian_delta_hedging,asian_delta_hedging,-1.1566181182861328,0.9212982058525084,4.011719703674316,5.543098449707031,6.517440319061279,3.324956178665161,9.434732437133787,-1.1566180262863637,0.9212981690720188,1.2460361860692502,2.1865555750660173,7.230269908905029,2.747525405883789,3.730679755210877,-3.730679755210877,-4.131245517730713,-5.1789574613571165,1.8394412727832796,2.9273687875270844,3.361731695652008,4.330291347503662,3.361731695652008,4.330291347503662,0.01,0.001
0.49,49.0,0490,1,34,G:\Mi unidad\Tesis2026\Models\Organized\THESIS_FINAL\W1_gbm_fixed\1b_2_asian_geo_tc1_band\compare\_tmp_bs_band_calibration\band_0490__sim_01,asian_delta_hedging,asian_delta_hedging,-1.1524807214736938,0.935230791568756,4.016188144683838,5.562582492828369,6.534162521362305,3.320915699005127,9.434732437133787,-1.1524806849598883,0.935230807490514,1.250151583468914,2.202868392484973,7.230269908905029,2.761417198181152,3.7487051010131833,-3.7487051010131833,-4.132341017723084,-5.178881980419159,1.843883097910881,2.9413342726230622,3.381100079536438,4.346914505958557,3.381100079536438,4.346914505958557,0.01,0.001
0.5,50.0,0500,1,34,G:\Mi unidad\Tesis2026\Models\Organized\THESIS_FINAL\W1_gbm_fixed\1b_2_asian_geo_tc1_band\compare\_tmp_bs_band_calibration\band_0500__sim_01,asian_delta_hedging,asian_delta_hedging,-1.1454476118087769,0.9488179087638856,4.017981052398682,5.580840587615967,6.52367115020752,3.314030170440674,9.305938720703123,-1.1454475926876069,0.948817920407668,1.2501794969797135,2.212305633680565,7.102241039276123,2.788175082206726,3.745891137123108,-3.745891137123108,-4.131249485015869,-5.099560585975647,1.845665812087059,2.963853607416153,3.399249600410461,4.336484937667847,3.399249600410461,4.336484937667847,0.01,0.001
