band_bound,band_pct,band_slug,n_simulations,benchmark_point_mean_mean,benchmark_point_mean_std,benchmark_point_stddev_mean,benchmark_point_stddev_std,benchmark_point_cvar_50_mean,benchmark_point_cvar_50_std,benchmark_point_cvar_95_mean,benchmark_point_cvar_95_std,benchmark_point_cvar_99_mean,benchmark_point_cvar_99_std,benchmark_point_mae_mean,benchmark_point_mae_std,benchmark_point_worstcase_mean,benchmark_point_worstcase_std,benchmark_empirical_mean_error_mean,benchmark_empirical_mean_error_std,benchmark_empirical_std_error_mean,benchmark_empirical_std_error_std,benchmark_empirical_mae_error_mean,benchmark_empirical_mae_error_std,benchmark_empirical_mse_error_mean,benchmark_empirical_mse_error_std,benchmark_empirical_worst_case_mean,benchmark_empirical_worst_case_std,benchmark_empirical_var_95_mean,benchmark_empirical_var_95_std,benchmark_empirical_var_99_mean,benchmark_empirical_var_99_std,benchmark_empirical_q_1pct_mean,benchmark_empirical_q_1pct_std,benchmark_empirical_q_0_5pct_mean,benchmark_empirical_q_0_5pct_std,benchmark_empirical_q_0_1pct_mean,benchmark_empirical_q_0_1pct_std,benchmark_empirical_cvar_50_mean,benchmark_empirical_cvar_50_std,benchmark_empirical_cvar_90_mean,benchmark_empirical_cvar_90_std,benchmark_empirical_cvar_95_mean,benchmark_empirical_cvar_95_std,benchmark_empirical_cvar_99_mean,benchmark_empirical_cvar_99_std,benchmark_empirical_es_95_mean,benchmark_empirical_es_95_std,benchmark_empirical_es_99_mean,benchmark_empirical_es_99_std,benchmark_empirical_exceedance_left_1pct_mean,benchmark_empirical_exceedance_left_1pct_std,benchmark_empirical_exceedance_left_0_1pct_mean,benchmark_empirical_exceedance_left_0_1pct_std
0.0,0.0,0000,1,-2.139125108718872,0.0,1.503594994544983,0.0,18.609603881835938,0.0,47.1823844909668,0.0,68.44002532958984,0.0,11.1906156539917,0.0,117.974365234375,0.0,-2.13912501464614,0.0,1.5035950202563657,0.0,2.157468007700749,0.0,6.836653813224592,0.0,14.159456253051758,0.0,4.906084251403809,0.0,6.794808292388916,0.0,-6.794808292388916,0.0,-7.513517475128173,0.0,-8.91893376159668,0.0,3.282571365022659,0.0,5.248410783290863,0.0,6.016047971725464,0.0,7.769395148754119,0.0,6.016047971725464,0.0,7.769395148754119,0.0,0.01,0.0,0.001,0.0
0.005,0.5,0005,1,-2.1308393478393555,0.0,1.5041756629943848,0.0,18.595718383789062,0.0,47.150333404541016,0.0,68.40243530273438,0.0,11.182281494140623,0.0,117.98361206054688,0.0,-2.1308393982499365,0.0,1.5041756364654648,0.0,2.149254923579352,0.0,6.803020886470436,0.0,14.159452438354492,0.0,4.900677871704102,0.0,6.786954774856567,0.0,-6.786954774856567,0.0,-7.51135760307312,0.0,-8.930503313064575,0.0,3.2757431959629058,0.0,5.243532003879547,0.0,6.01132873916626,0.0,7.765639498233795,0.0,6.01132873916626,0.0,7.765639498233795,0.0,0.01,0.0,0.001,0.0
0.01,1.0,0010,1,-2.1173624992370605,0.0,1.503316879272461,0.0,18.57372665405273,0.0,47.114234924316406,0.0,68.3786392211914,0.0,11.16872501373291,0.0,117.98361206054688,0.0,-2.1173626543858983,0.0,1.5033167995737344,0.0,2.136016598672718,0.0,6.743186010068712,0.0,14.11482048034668,0.0,4.88967399597168,0.0,6.779664306640625,0.0,-6.779664306640625,0.0,-7.510499334335327,0.0,-8.941375761032104,0.0,3.262116432666778,0.0,5.232789253950119,0.0,6.000397208213806,0.0,7.755804483890533,0.0,6.000397208213806,0.0,7.755804483890533,0.0,0.01,0.0,0.001,0.0
0.015,1.5,0015,1,-2.100548505783081,0.0,1.501051902770996,0.0,18.547103881835938,0.0,47.08592224121094,0.0,68.34536743164062,0.0,11.151812553405762,0.0,117.98361206054688,0.0,-2.100548430416219,0.0,1.501051949533299,0.0,2.1196454421814512,0.0,6.665460663721759,0.0,14.17173957824707,0.0,4.862545537948608,0.0,6.753695774078369,0.0,-6.753695774078369,0.0,-7.510121669769287,0.0,-8.989718711853028,0.0,3.243064692187309,0.0,5.216414100170136,0.0,5.98509757566452,0.0,7.744410130977631,0.0,5.98509757566452,0.0,7.744410130977631,0.0,0.01,0.0,0.001,0.0
0.02,2.0,0020,1,-2.0828969478607178,0.0,1.498394012451172,0.0,18.519500732421875,0.0,47.06024932861328,0.0,68.35106658935547,0.0,11.134056091308594,0.0,117.98361206054688,0.0,-2.0828968030309403,0.0,1.4983941285092108,0.0,2.102505804271028,0.0,6.583644056427389,0.0,13.93711280822754,0.0,4.86188006401062,0.0,6.738229331970215,0.0,-6.738229331970215,0.0,-7.469546771049499,0.0,-8.983507719993591,0.0,3.2232104742288588,0.0,5.198153805494308,0.0,5.964630352020263,0.0,7.720365154743194,0.0,5.964630352020263,0.0,7.720365154743194,0.0,0.01,0.0,0.001,0.0
0.025,2.5,0025,1,-2.062899589538574,0.0,1.4955363273620603,0.0,18.489036560058597,0.0,47.02120208740234,0.0,68.33942413330078,0.0,11.113934516906738,0.0,117.98361206054688,0.0,-2.062899694319976,0.0,1.4955362266483794,0.0,2.083378199794468,0.0,6.492183754043122,0.0,13.810928344726562,0.0,4.840709924697876,0.0,6.736775803565979,0.0,-6.736775803565979,0.0,-7.432622957229614,0.0,-8.867108522415162,0.0,3.2010451152920725,0.0,5.175898987531662,0.0,5.941878497600555,0.0,7.693289065361023,0.0,5.941878497600555,0.0,7.693289065361023,0.0,0.01,0.0,0.001,0.0
0.03,3.0,0030,1,-2.0429229736328125,0.0,1.4921588897705078,0.0,18.4583740234375,0.0,47.000118255615234,0.0,68.36007690429688,0.0,11.09384536743164,0.0,117.98361206054688,0.0,-2.042923036648806,0.0,1.4921588444716911,0.0,2.0641263454870624,0.0,6.40007255080547,0.0,13.9285888671875,0.0,4.807256507873535,0.0,6.730985136032104,0.0,-6.730985136032104,0.0,-7.400485534667968,0.0,-8.86143180847168,0.0,3.178754369902611,0.0,5.149167784690857,0.0,5.916648837566376,0.0,7.667157802581787,0.0,5.916648837566376,0.0,7.667157802581787,0.0,0.01,0.0,0.001,0.0
0.035,3.5000000000000004,0035,1,-2.022653341293335,0.0,1.4873327016830444,0.0,18.427921295166016,0.0,46.98126602172852,0.0,68.2772445678711,0.0,11.073450088500977,0.0,117.98361206054688,0.0,-2.022653176466461,0.0,1.4873327391288165,0.0,2.0450807910596875,0.0,6.303284549154292,0.0,14.090869903564451,0.0,4.7671242475509645,0.0,6.675832271575928,0.0,-6.675832271575928,0.0,-7.331977796554566,0.0,-8.761727332115173,0.0,3.1539263911008835,0.0,5.120396221399307,0.0,5.8876749696731565,0.0,7.632190349102021,0.0,5.8876749696731565,0.0,7.632190349102021,0.0,0.01,0.0,0.001,0.0
0.04,4.0,0040,1,-2.00046443939209,0.0,1.484114646911621,0.0,18.39606475830078,0.0,46.944854736328125,0.0,68.28528594970703,0.0,11.051141738891602,0.0,117.98361206054688,0.0,-2.000464672255201,0.0,1.4841145137983482,0.0,2.0242517047589987,0.0,6.204454795008016,0.0,14.204301834106444,0.0,4.745672726631165,0.0,6.662548494338989,0.0,-6.662548494338989,0.0,-7.263671708106995,0.0,-8.872397621154786,0.0,3.129166288292408,0.0,5.092961666345596,0.0,5.862199753284455,0.0,7.603168799877166,0.0,5.862199753284455,0.0,7.603168799877166,0.0,0.01,0.0,0.001,0.0
0.045,4.5,0045,1,-1.979243755340576,0.0,1.482527732849121,0.0,18.36551094055176,0.0,46.9220085144043,0.0,68.2787857055664,0.0,11.029812812805176,0.0,117.98361206054688,0.0,-1.9792436532298008,0.0,1.4825276680291315,0.0,2.0054894208334058,0.0,6.115293725322343,0.0,14.269872665405272,0.0,4.726950740814209,0.0,6.6034282684326175,0.0,-6.6034282684326175,0.0,-7.35670129776001,0.0,-8.628445808410644,0.0,3.105435638821125,0.0,5.0687639636993405,0.0,5.835455823421478,0.0,7.575184118747711,0.0,5.835455823421478,0.0,7.575184118747711,0.0,0.01,0.0,0.001,0.0
0.05,5.0,0050,1,-1.9589853286743164,0.0,1.4824907779693604,0.0,18.33904457092285,0.0,46.89764404296875,0.0,68.26757049560547,0.0,11.009422302246094,0.0,117.98361206054688,0.0,-1.958985291584333,0.0,1.4824907872615871,0.0,1.9876740712067191,0.0,6.035402306959234,0.0,13.664684295654297,0.0,4.707297801971436,0.0,6.593350124359131,0.0,-6.593350124359131,0.0,-7.296404337882995,0.0,-8.669250833511352,0.0,3.084070388364792,0.0,5.048316648960114,0.0,5.817191902637481,0.0,7.555774204730987,0.0,5.817191902637481,0.0,7.555774204730987,0.0,0.01,0.0,0.001,0.0
0.055,5.5,0055,1,-1.9364696741104128,0.0,1.481072187423706,0.0,18.30747604370117,0.0,46.87559127807617,0.0,68.25806427001953,0.0,10.986783981323242,0.0,117.98361206054688,0.0,-1.9364696493222573,0.0,1.4810721339602375,0.0,1.9678133344968511,0.0,5.943489368739798,0.0,13.986352920532228,0.0,4.667409324645996,0.0,6.556816759109497,0.0,-6.556816759109497,0.0,-7.280348882675171,0.0,-8.628380243301391,0.0,3.058978344988823,0.0,5.0228195941448215,0.0,5.790751026153565,0.0,7.5312119221687315,0.0,5.790751026153565,0.0,7.5312119221687315,0.0,0.01,0.0,0.001,0.0
0.06,6.0,0060,1,-1.913633227348328,0.0,1.4786497354507446,0.0,18.27646255493164,0.0,46.8745346069336,0.0,68.2713394165039,0.0,10.963829040527344,0.0,117.98361206054688,0.0,-1.913633024236547,0.0,1.4786498607701244,0.0,1.948080572557925,0.0,5.84839676220422,0.0,13.56182861328125,0.0,4.642049884796142,0.0,6.5286713981628415,0.0,-6.5286713981628415,0.0,-7.264358978271484,0.0,-8.513282343864441,0.0,3.0342048290967942,0.0,4.989421810150146,0.0,5.761703462600708,0.0,7.506024572849274,0.0,5.761703462600708,0.0,7.506024572849274,0.0,0.01,0.0,0.001,0.0
0.065,6.5,0065,1,-1.8959510326385496,0.0,1.4790983200073242,0.0,18.25637435913086,0.0,46.876949310302734,0.0,68.26265716552734,0.0,10.946090698242188,0.0,117.98361206054688,0.0,-1.8959509909522008,0.0,1.4790984434867778,0.0,1.9323978979115128,0.0,5.782362365617639,0.0,13.6702880859375,0.0,4.613599824905395,0.0,6.509629859924316,0.0,-6.509629859924316,0.0,-7.225230569839478,0.0,-8.628362558364868,0.0,3.017345538496971,0.0,4.970574769258499,0.0,5.738523643016816,0.0,7.501674203872681,0.0,5.738523643016816,0.0,7.501674203872681,0.0,0.01,0.0,0.001,0.0
0.07,7.000000000000001,0070,1,-1.873540997505188,0.0,1.474223494529724,0.0,18.22518539428711,0.0,46.84733200073242,0.0,68.25181579589844,0.0,10.92356014251709,0.0,117.98361206054688,0.0,-1.8735411111150624,0.0,1.4742235950262803,0.0,1.9138908490595623,0.0,5.683491503170472,0.0,13.738811492919922,0.0,4.573302507400513,0.0,6.454766731262207,0.0,-6.454766731262207,0.0,-7.186649503707885,0.0,-8.525015855789185,0.0,2.990922780764103,0.0,4.93407466506958,0.0,5.701158843517304,0.0,7.454745650291443,0.0,5.701158843517304,0.0,7.454745650291443,0.0,0.01,0.0,0.001,0.0
0.075,7.5,0075,1,-1.8524640798568728,0.0,1.4755781888961792,0.0,18.2000789642334,0.0,46.85216522216797,0.0,68.25189971923828,0.0,10.902392387390137,0.0,117.98361206054688,0.0,-1.8524640086118047,0.0,1.47557810201275,0.0,1.896710367270668,0.0,5.608953638341668,0.0,13.617942810058594,0.0,4.55548243522644,0.0,6.407966303825378,0.0,-6.407966303825378,0.0,-7.178422894477844,0.0,-8.610658282279969,0.0,2.969299944984913,0.0,4.912494722604752,0.0,5.682715915679932,0.0,7.429002482891082,0.0,5.682715915679932,0.0,7.429002482891082,0.0,0.01,0.0,0.001,0.0
0.08,8.0,0080,1,-1.8292771577835083,0.0,1.4782665967941284,0.0,18.16785049438477,0.0,46.83426284790039,0.0,68.27930450439453,0.0,10.879068374633787,0.0,117.98361206054688,0.0,-1.8292771249637976,0.0,1.4782665007498148,0.0,1.8787440568117693,0.0,5.531526647154919,0.0,13.617942810058594,0.0,4.5495007038116455,0.0,6.381986103057861,0.0,-6.381986103057861,0.0,-7.137917795181274,0.0,-8.57233463191986,0.0,2.9481910128116606,0.0,4.893171727061271,0.0,5.6586431159973145,0.0,7.395811831951141,0.0,5.6586431159973145,0.0,7.395811831951141,0.0,0.01,0.0,0.001,0.0
0.085,8.5,0085,1,-1.809626579284668,0.0,1.483260989189148,0.0,18.145244598388672,0.0,46.82076644897461,0.0,68.26520538330078,0.0,10.859265327453612,0.0,117.98361206054688,0.0,-1.809626495740956,0.0,1.4832609957962082,0.0,1.8651760749569373,0.0,5.474811235738052,0.0,13.617942810058594,0.0,4.545652484893799,0.0,6.395286407470703,0.0,-6.395286407470703,0.0,-7.084452543258667,0.0,-8.64709775352478,0.0,2.929410010254383,0.0,4.88489269053936,0.0,5.658388850212098,0.0,7.38133978843689,0.0,5.658388850212098,0.0,7.38133978843689,0.0,0.01,0.0,0.001,0.0
0.09,9.0,0090,1,-1.7912873029708862,0.0,1.4884519577026367,0.0,18.124406814575195,0.0,46.83671569824219,0.0,68.29013061523438,0.0,10.84085750579834,0.0,117.98361206054688,0.0,-1.791287299432676,0.0,1.488451868087011,0.0,1.852327161306027,0.0,5.424199152720521,0.0,14.042680740356444,0.0,4.547559094429016,0.0,6.335827169418335,0.0,-6.335827169418335,0.0,-7.065223331451416,0.0,-8.67512470626831,0.0,2.91389817661047,0.0,4.871311273455619,0.0,5.644501710891723,0.0,7.387804651260376,0.0,5.644501710891723,0.0,7.387804651260376,0.0,0.01,0.0,0.001,0.0
0.095,9.5,0095,1,-1.7728219032287598,0.0,1.4884366989135742,0.0,18.10257148742676,0.0,46.81143951416016,0.0,68.28453826904297,0.0,10.822287559509276,0.0,117.98361206054688,0.0,-1.7728217998784626,0.0,1.4884366800585325,0.0,1.838718706885784,0.0,5.358340884667977,0.0,14.32682991027832,0.0,4.528627490997314,0.0,6.287121696472168,0.0,-6.287121696472168,0.0,-7.014466485977173,0.0,-8.587612118721008,0.0,2.8943786471962927,0.0,4.846077979445457,0.0,5.609109138965606,0.0,7.3753094124794,0.0,5.609109138965606,0.0,7.3753094124794,0.0,0.01,0.0,0.001,0.0
0.1,10.0,0100,1,-1.7526044845581057,0.0,1.4990451335906982,0.0,18.078508377075195,0.0,46.82183837890625,0.0,68.2720718383789,0.0,10.801950454711914,0.0,117.98361206054688,0.0,-1.7526045014132954,0.0,1.4990451796217965,0.0,1.8250400619193188,0.0,5.3187589889214895,0.0,13.962644577026367,0.0,4.514034748077393,0.0,6.335827169418335,0.0,-6.335827169418335,0.0,-7.058867044448853,0.0,-8.518460909843444,0.0,2.87808265286684,0.0,4.8528181790113445,0.0,5.6218633527755735,0.0,7.425622379779815,0.0,5.6218633527755735,0.0,7.425622379779815,0.0,0.01,0.0,0.001,0.0
0.105,10.5,0105,1,-1.7332944869995115,0.0,1.5001145601272583,0.0,18.056625366210938,0.0,46.83778381347656,0.0,68.26983642578125,0.0,10.78266143798828,0.0,117.98361206054688,0.0,-1.7332945483073334,0.0,1.5001145598339116,0.0,1.8106368006308304,0.0,5.2546536838176126,0.0,13.158933639526367,0.0,4.494788360595703,0.0,6.368452405929565,0.0,-6.368452405929565,0.0,-7.122599802017212,0.0,-8.677626117706298,0.0,2.857946049702168,0.0,4.832893001317978,0.0,5.618833726882935,0.0,7.4239831018447875,0.0,5.618833726882935,0.0,7.4239831018447875,0.0,0.01,0.0,0.001,0.0
0.11,11.0,0110,1,-1.7135502099990845,0.0,1.5009647607803345,0.0,18.03138732910156,0.0,46.81277847290039,0.0,68.26390838623047,0.0,10.762804985046388,0.0,117.98361206054688,0.0,-1.713550169438424,0.0,1.5009647539282682,0.0,1.7951103729680389,0.0,5.189149375717396,0.0,12.798770904541016,0.0,4.467212510108948,0.0,6.301790714263916,0.0,-6.301790714263916,0.0,-7.129765396118164,0.0,-8.660562509536744,0.0,2.8384601283669477,0.0,4.8143787586689,0.0,5.600199587345124,0.0,7.409682743549347,0.0,5.600199587345124,0.0,7.409682743549347,0.0,0.01,0.0,0.001,0.0
0.115,11.5,0115,1,-1.6999022960662842,0.0,1.5056812763214111,0.0,18.01516532897949,0.0,46.80361557006836,0.0,68.25418853759766,0.0,10.749109268188477,0.0,117.98361206054688,0.0,-1.6999022355558733,0.0,1.505681342795486,0.0,1.7858088439003947,0.0,5.1567439164902735,0.0,12.798770904541016,0.0,4.467211842536926,0.0,6.228150625228881,0.0,-6.228150625228881,0.0,-7.123416213989258,0.0,-8.74352993297577,0.0,2.8277833628058437,0.0,4.8070909512043,0.0,5.589857312679291,0.0,7.4183353686332705,0.0,5.589857312679291,0.0,7.4183353686332705,0.0,0.01,0.0,0.001,0.0
0.12,12.0,0120,1,-1.684772253036499,0.0,1.5126774311065674,0.0,17.998619079589844,0.0,46.81070327758789,0.0,68.2310562133789,0.0,10.733924865722656,0.0,117.98361206054688,0.0,-1.6847721425675848,0.0,1.5126774397482037,0.0,1.7770633303928716,0.0,5.126650209094951,0.0,13.438362121582031,0.0,4.466008925437928,0.0,6.230569839477539,0.0,-6.230569839477539,0.0,-7.125465850830079,0.0,-8.806742469787597,0.0,2.815637031030655,0.0,4.806655368804932,0.0,5.598750707626343,0.0,7.428923552036285,0.0,5.598750707626343,0.0,7.428923552036285,0.0,0.01,0.0,0.001,0.0
0.125,12.5,0125,1,-1.6664644479751587,0.0,1.5216927528381348,0.0,17.9766788482666,0.0,46.82300567626953,0.0,68.24409484863281,0.0,10.715554237365724,0.0,117.98361206054688,0.0,-1.6664644360674608,0.0,1.521692719197375,0.0,1.7677053763413395,0.0,5.092652448335941,0.0,13.23924446105957,0.0,4.427589416503906,0.0,6.249975223541259,0.0,-6.249975223541259,0.0,-7.237595500946045,0.0,-8.859622276306153,0.0,2.800306133437157,0.0,4.79971060180664,0.0,5.5919511218070985,0.0,7.495294919013977,0.0,5.5919511218070985,0.0,7.495294919013977,0.0,0.01,0.0,0.001,0.0
0.13,13.0,0130,1,-1.6503429412841797,0.0,1.5291943550109863,0.0,17.958518981933594,0.0,46.83160781860352,0.0,68.24781036376953,0.0,10.699440956115724,0.0,117.98361206054688,0.0,-1.6503428859159646,0.0,1.5291943453699834,0.0,1.7571103468245657,0.0,5.062066987004967,0.0,13.23924446105957,0.0,4.430368852615357,0.0,6.299293375015258,0.0,-6.299293375015258,0.0,-7.246156959533692,0.0,-8.98542038345337,0.0,2.7863869024157526,0.0,4.800365983128548,0.0,5.608937722682953,0.0,7.562495636940002,0.0,5.608937722682953,0.0,7.562495636940002,0.0,0.01,0.0,0.001,0.0
0.135,13.5,0135,1,-1.6350805759429932,0.0,1.5346052646636963,0.0,17.940521240234375,0.0,46.83292007446289,0.0,68.21846008300781,0.0,10.684173583984377,0.0,117.98361206054688,0.0,-1.6350805554765335,0.0,1.5346053245093336,0.0,1.74919707810437,0.0,5.028501924909848,0.0,13.23924446105957,0.0,4.448381567001343,0.0,6.333120288848877,0.0,-6.333120288848877,0.0,-7.139681196212768,0.0,-8.947840431213379,0.0,2.7729062003135683,0.0,4.798162350773811,0.0,5.6081909065246585,0.0,7.507213590145111,0.0,5.6081909065246585,0.0,7.507213590145111,0.0,0.01,0.0,0.001,0.0
0.14,14.000000000000002,0140,1,-1.6211888790130615,0.0,1.5475106239318848,0.0,17.92801284790039,0.0,46.84485626220703,0.0,68.22409057617188,0.0,10.670233726501465,0.0,117.98361206054688,0.0,-1.621188928354257,0.0,1.5475106104279033,0.0,1.744377509389846,0.0,5.023042630805366,0.0,13.62375259399414,0.0,4.435110473632812,0.0,6.423194961547852,0.0,-6.423194961547852,0.0,-7.293415489196778,0.0,-8.947961313247681,0.0,2.764861420607567,0.0,4.798722437977791,0.0,5.622738577365875,0.0,7.612599849700928,0.0,5.622738577365875,0.0,7.612599849700928,0.0,0.01,0.0,0.001,0.0
0.145,14.499999999999998,0145,1,-1.6042569875717163,0.0,1.5505789518356323,0.0,17.90601921081543,0.0,46.82982635498047,0.0,68.22179412841797,0.0,10.65328598022461,0.0,117.98361206054688,0.0,-1.6042571225428304,0.0,1.5505790498870633,0.0,1.7326892811909835,0.0,4.977936305178069,0.0,13.62375259399414,0.0,4.419632983207703,0.0,6.355058917999267,0.0,-6.355058917999267,0.0,-7.169294443130493,0.0,-9.096714838027951,0.0,2.748450419890881,0.0,4.789435505628586,0.0,5.623274293422699,0.0,7.599893825054169,0.0,5.623274293422699,0.0,7.599893825054169,0.0,0.01,0.0,0.001,0.0
0.15,15.0,0150,1,-1.587161898612976,0.0,1.5669559240341189,0.0,17.888309478759766,0.0,46.83919906616211,0.0,68.2087631225586,0.0,10.636037826538086,0.0,117.98361206054688,0.0,-1.5871619145735274,0.0,1.5669559394153252,0.0,1.7256731115876571,0.0,4.97443385914167,0.0,13.905916213989258,0.0,4.421789121627808,0.0,6.346575279235839,0.0,-6.346575279235839,0.0,-7.240786395072937,0.0,-9.232337911605836,0.0,2.738543231761456,0.0,4.7967239190340045,0.0,5.652146460056305,0.0,7.71487155675888,0.0,5.652146460056305,0.0,7.71487155675888,0.0,0.01,0.0,0.001,0.0
0.155,15.5,0155,1,-1.569653868675232,0.0,1.5691756010055542,0.0,17.86528968811035,0.0,46.84063720703125,0.0,68.20103454589844,0.0,10.618633270263672,0.0,117.98361206054688,0.0,-1.569653924724099,0.0,1.5691756396453842,0.0,1.714429592769768,0.0,4.926125631458268,0.0,13.905916213989258,0.0,4.405619502067566,0.0,6.360110845565796,0.0,-6.360110845565796,0.0,-7.253857002258301,0.0,-9.249458889007569,0.0,2.719998845076561,0.0,4.785133423805237,0.0,5.64882335472107,0.0,7.725787429809571,0.0,5.64882335472107,0.0,7.725787429809571,0.0,0.01,0.0,0.001,0.0
0.16,16.0,0160,1,-1.5579919815063477,0.0,1.5784789323806765,0.0,17.855581283569336,0.0,46.83018112182617,0.0,68.2302474975586,0.0,10.606734275817873,0.0,117.98361206054688,0.0,-1.5579919408880876,0.0,1.5784789458803308,0.0,1.710118137408095,0.0,4.918934670459711,0.0,14.946905136108398,0.0,4.415823793411255,0.0,6.340704116821289,0.0,-6.340704116821289,0.0,-7.202409658432007,0.0,-9.096750630378724,0.0,2.7141816801548004,0.0,4.784875788927078,0.0,5.648053098201752,0.0,7.7195936608314515,0.0,5.648053098201752,0.0,7.7195936608314515,0.0,0.01,0.0,0.001,0.0
0.165,16.5,0165,1,-1.543186068534851,0.0,1.596548557281494,0.0,17.84151268005371,0.0,46.82743835449219,0.0,68.21936798095703,0.0,10.591862678527832,0.0,117.98361206054688,0.0,-1.5431860075987107,0.0,1.5965485835973352,0.0,1.7050463676750591,0.0,4.930390433835106,0.0,14.946905136108398,0.0,4.415704822540283,0.0,6.395755767822266,0.0,-6.395755767822266,0.0,-7.298863143920898,0.0,-9.261523036003112,0.0,2.707716525614261,0.0,4.811601455688477,0.0,5.691434593677521,0.0,7.798761970368191,0.0,5.691434593677521,0.0,7.798761970368191,0.0,0.01005,0.0,0.001,0.0
0.17,17.0,0170,1,-1.5357922315597534,0.0,1.6246529817581177,0.0,17.84332275390625,0.0,46.85478210449219,0.0,68.23106384277344,0.0,10.584381103515623,0.0,117.98361206054688,0.0,-1.5357921481892496,0.0,1.624652983580781,0.0,1.7062583466227894,0.0,4.9981548394976825,0.0,14.946905136108398,0.0,4.447282648086548,0.0,6.60549840927124,0.0,-6.60549840927124,0.0,-7.606110763549805,0.0,-9.679121139526368,0.0,2.712275003504753,0.0,4.87018066573143,0.0,5.790890843868255,0.0,8.03389389514923,0.0,5.790890843868255,0.0,8.03389389514923,0.0,0.01,0.0,0.001,0.0
0.175,17.5,0175,1,-1.5167348384857178,0.0,1.6288845539093018,0.0,17.82094383239746,0.0,46.85871505737305,0.0,68.26775360107422,0.0,10.565475463867188,0.0,117.98361206054688,0.0,-1.5167349126842136,0.0,1.6288845697025278,0.0,1.6943295024062537,0.0,4.9537497367701775,0.0,14.962142944335938,0.0,4.454017925262451,0.0,6.632588844299316,0.0,-6.632588844299316,0.0,-7.620511379241943,0.0,-9.769006406784058,0.0,2.693470075595379,0.0,4.863456128954887,0.0,5.785589353561401,0.0,8.042480294704438,0.0,5.785589353561401,0.0,8.042480294704438,0.0,0.01,0.0,0.001,0.0
0.18,18.0,0180,1,-1.4945333003997805,0.0,1.6315346956253052,0.0,17.787569046020508,0.0,46.85016632080078,0.0,68.27713775634766,0.0,10.543449401855469,0.0,117.98361206054688,0.0,-1.4945333005472232,0.0,1.6315346716525698,0.0,1.681881970475419,0.0,4.895535171249035,0.0,15.126449584960938,0.0,4.455666565895081,0.0,6.549491453170776,0.0,-6.549491453170776,0.0,-7.51359751701355,0.0,-9.563852307319642,0.0,2.670629294717312,0.0,4.844642860531807,0.0,5.762861298084259,0.0,7.995789542198181,0.0,5.762861298084259,0.0,7.995789542198181,0.0,0.01,0.0,0.001,0.0
0.185,18.5,0185,1,-1.4827024936676023,0.0,1.6474305391311646,0.0,17.77603530883789,0.0,46.87033462524414,0.0,68.2940902709961,0.0,10.531454086303713,0.0,117.98361206054688,0.0,-1.4827025646361682,0.0,1.6474305118186925,0.0,1.6792623886463858,0.0,4.91243418644987,0.0,15.126449584960938,0.0,4.457262301445007,0.0,6.603193302154541,0.0,-6.603193302154541,0.0,-7.534861030578613,0.0,-10.039304222106932,0.0,2.665976480746269,0.0,4.863143136382103,0.0,5.789916848182679,0.0,8.073595695495605,0.0,5.789916848182679,0.0,8.073595695495605,0.0,0.01,0.0,0.001,0.0
0.19,19.0,0190,1,-1.468320608139038,0.0,1.659225344657898,0.0,17.76337432861328,0.0,46.88174057006836,0.0,68.27183532714844,0.0,10.517009735107422,0.0,117.98361206054688,0.0,-1.468320631911895,0.0,1.6592252907083884,0.0,1.6742851530660512,0.0,4.9089940434244825,0.0,17.64345932006836,0.0,4.45441632270813,0.0,6.551976232528687,0.0,-6.551976232528687,0.0,-7.450047044754029,0.0,-10.039304222106932,0.0,2.6578631232261656,0.0,4.861883325695992,0.0,5.7890212345123295,0.0,8.05744108915329,0.0,5.7890212345123295,0.0,8.05744108915329,0.0,0.01,0.0,0.001,0.0
0.195,19.5,0195,1,-1.4554105997085571,0.0,1.672482967376709,0.0,17.752941131591797,0.0,46.89916229248047,0.0,68.26136016845703,0.0,10.504032135009766,0.0,117.98361206054688,0.0,-1.455410543702064,0.0,1.6724829157057044,0.0,1.669126465159362,0.0,4.915418954046592,0.0,24.14763641357422,0.0,4.441637563705444,0.0,6.551976232528687,0.0,-6.551976232528687,0.0,-7.528844966888427,0.0,-10.119847730636597,0.0,2.6472077598929404,0.0,4.867463327646256,0.0,5.816248497009277,0.0,8.190530893802643,0.0,5.816248497009277,0.0,8.190530893802643,0.0,0.01,0.0,0.001,0.0
0.2,20.0,0200,1,-1.4429019689559937,0.0,1.6978607177734375,0.0,17.74140739440918,0.0,46.879173278808594,0.0,68.2297592163086,0.0,10.491877555847168,0.0,117.98361206054688,0.0,-1.4429018811285133,0.0,1.697860756399158,0.0,1.6705922016451702,0.0,4.9646969866845225,0.0,24.14763641357422,0.0,4.471882629394531,0.0,6.670451126098633,0.0,-6.670451126098633,0.0,-7.678832550048828,0.0,-10.65935011291504,0.0,2.6477439892053605,0.0,4.910891982793808,0.0,5.883823199272156,0.0,8.336772773265839,0.0,5.883823199272156,0.0,8.336772773265839,0.0,0.01,0.0,0.001,0.0
0.205,20.5,0205,1,-1.4273574352264404,0.0,1.7086145877838137,0.0,17.7215576171875,0.0,46.85208511352539,0.0,68.19359588623047,0.0,10.476306915283203,0.0,117.98361206054688,0.0,-1.4273572994623085,0.0,1.7086146766073418,0.0,1.6662342389239682,0.0,4.956712973446345,0.0,24.14763641357422,0.0,4.470169234275818,0.0,6.60558162689209,0.0,-6.60558162689209,0.0,-7.837672247886657,0.0,-10.65935011291504,0.0,2.637691114091873,0.0,4.90659254515171,0.0,5.884696676254272,0.0,8.383896367549896,0.0,5.884696676254272,0.0,8.383896367549896,0.0,0.01,0.0,0.001,0.0
0.21,21.0,0210,1,-1.4132214784622192,0.0,1.728446364402771,0.0,17.713115692138672,0.0,46.8641242980957,0.0,68.19979858398438,0.0,10.462221145629885,0.0,117.98361206054688,0.0,-1.4132215017257883,0.0,1.7284463526116634,0.0,1.6640354908724009,0.0,4.984721806796655,0.0,24.14763641357422,0.0,4.487759399414062,0.0,6.657454357147217,0.0,-6.657454357147217,0.0,-7.843392524719238,0.0,-10.65937487602234,0.0,2.633106609249115,0.0,4.93698924934864,0.0,5.940311339855194,0.0,8.442950096130371,0.0,5.940311339855194,0.0,8.442950096130371,0.0,0.01,0.0,0.001,0.0
0.215,21.5,0215,1,-1.4010131359100342,0.0,1.7458473443984983,0.0,17.703550338745117,0.0,46.84071350097656,0.0,68.20175170898438,0.0,10.449926376342772,0.0,117.98361206054688,0.0,-1.4010130323597332,0.0,1.7458473793694262,0.0,1.6619999008494066,0.0,5.010820588892908,0.0,24.14763641357422,0.0,4.511723423004151,0.0,6.80510537147522,0.0,-6.80510537147522,0.0,-7.934662203788757,0.0,-10.824143529891968,0.0,2.6270741870880125,0.0,4.961009501695633,0.0,5.987161721229553,0.0,8.588440942764283,0.0,5.987161721229553,0.0,8.588440942764283,0.0,0.01,0.0,0.001,0.0
0.22,22.0,0220,1,-1.3864185810089111,0.0,1.755136489868164,0.0,17.690393447875977,0.0,46.86744689941406,0.0,68.18736267089844,0.0,10.435528755187988,0.0,117.98361206054688,0.0,-1.3864185275758252,0.0,1.755136484674205,0.0,1.6579616881112205,0.0,5.0026604134400445,0.0,24.14763641357422,0.0,4.46512770652771,0.0,6.821042623519897,0.0,-6.821042623519897,0.0,-7.949183430671692,0.0,-10.986149183273316,0.0,2.618331207942963,0.0,4.953273631334305,0.0,5.998257431030273,0.0,8.603081464767456,0.0,5.998257431030273,0.0,8.603081464767456,0.0,0.01,0.0,0.001,0.0
0.225,22.5,0225,1,-1.3725720643997192,0.0,1.768746018409729,0.0,17.67813491821289,0.0,46.8607063293457,0.0,68.2015151977539,0.0,10.42197036743164,0.0,117.98361206054688,0.0,-1.372571997960194,0.0,1.7687459559774716,0.0,1.6548278009197936,0.0,5.012416146371099,0.0,24.14763641357422,0.0,4.470133209228516,0.0,6.85512710571289,0.0,-6.85512710571289,0.0,-7.980527181625366,0.0,-11.001825929641724,0.0,2.6104960648179056,0.0,4.962555568695068,0.0,6.014022243022919,0.0,8.667610874176026,0.0,6.014022243022919,0.0,8.667610874176026,0.0,0.01,0.0,0.001,0.0
0.23,23.0,0230,1,-1.3585220575332642,0.0,1.7795878648757937,0.0,17.66608238220215,0.0,46.87641143798828,0.0,68.24961853027344,0.0,10.408268928527832,0.0,117.98361206054688,0.0,-1.358522122150121,0.0,1.7795878249090458,0.0,1.6489293952743027,0.0,5.012515182935776,0.0,24.14763641357422,0.0,4.491608095169067,0.0,6.880419120788574,0.0,-6.880419120788574,0.0,-8.09621850013733,0.0,-11.086336791992188,0.0,2.5992098778009414,0.0,4.978679407715798,0.0,6.04096622133255,0.0,8.741040496826171,0.0,6.04096622133255,0.0,8.741040496826171,0.0,0.01,0.0,0.001,0.0
0.235,23.5,0235,1,-1.3493515253067017,0.0,1.7923331260681152,0.0,17.659244537353516,0.0,46.86750793457031,0.0,68.2539291381836,0.0,10.399347305297852,0.0,117.98361206054688,0.0,-1.3493515637029077,0.0,1.792333097557902,0.0,1.647014570841135,0.0,5.033207575068986,0.0,24.14763641357422,0.0,4.469143867492676,0.0,7.012201633453369,0.0,-7.012201633453369,0.0,-8.116255407333375,0.0,-11.001825929641724,0.0,2.59846020706892,0.0,5.001507271051407,0.0,6.077104016780853,0.0,8.789925165176392,0.0,6.077104016780853,0.0,8.789925165176392,0.0,0.01,0.0,0.001,0.0
0.24,24.0,0240,1,-1.3409626483917236,0.0,1.8042163848876955,0.0,17.648849487304688,0.0,46.86113739013672,0.0,68.25562286376953,0.0,10.390862464904783,0.0,117.98361206054688,0.0,-1.3409626788097664,0.0,1.8042163179921824,0.0,1.6473361301300582,0.0,5.053377428069932,0.0,24.14763641357422,0.0,4.4633102178573605,0.0,7.134899444580078,0.0,-7.134899444580078,0.0,-8.226144037246705,0.0,-11.086336791992188,0.0,2.5959877793431283,0.0,5.01037998175621,0.0,6.100970842838287,0.0,8.833469142913819,0.0,6.100970842838287,0.0,8.833469142913819,0.0,0.01,0.0,0.001,0.0
0.245,24.5,0245,1,-1.3265962600708008,0.0,1.8318637609481807,0.0,17.634233474731445,0.0,46.850006103515625,0.0,68.25604248046875,0.0,10.376154899597168,0.0,117.98361206054688,0.0,-1.3265962348516562,0.0,1.8318638152088351,0.0,1.6505880580216643,0.0,5.115582607794059,0.0,24.14763641357422,0.0,4.487662935256958,0.0,7.150644283294677,0.0,-7.150644283294677,0.0,-8.24697627067566,0.0,-11.480678466796876,0.0,2.5949682780861854,0.0,5.043112626791,0.0,6.146439319133759,0.0,9.012713718414307,0.0,6.146439319133759,0.0,9.012713718414307,0.0,0.01,0.0,0.001,0.0
0.25,25.0,0250,1,-1.3185101747512815,0.0,1.8357999324798584,0.0,17.623638153076172,0.0,46.849647521972656,0.0,68.22764587402344,0.0,10.368059158325195,0.0,117.98361206054688,0.0,-1.3185101722241728,0.0,1.8357998936907096,0.0,1.6492171209337538,0.0,5.108630323933438,0.0,24.14763641357422,0.0,4.477912402153015,0.0,7.046153783798218,0.0,-7.046153783798218,0.0,-8.227094841003417,0.0,-11.556810819625854,0.0,2.5909206888318064,0.0,5.029309809088707,0.0,6.124678381443024,0.0,8.988811492919922,0.0,6.124678381443024,0.0,8.988811492919922,0.0,0.01,0.0,0.001,0.0
0.255,25.5,0255,1,-1.3104853630065918,0.0,1.874091625213623,0.0,17.624956130981445,0.0,46.85350799560547,0.0,68.24475860595703,0.0,10.360301971435549,0.0,117.98361206054688,0.0,-1.3104852144664152,0.0,1.8740916305861424,0.0,1.655293075935217,0.0,5.229590937168112,0.0,24.14763641357422,0.0,4.520039534568786,0.0,7.120083131790161,0.0,-7.120083131790161,0.0,-8.30845073699951,0.0,-11.916120849609374,0.0,2.5959241550207137,0.0,5.086364881157875,0.0,6.2234575829505925,0.0,9.310258264541623,0.0,6.2234575829505925,0.0,9.310258264541623,0.0,0.01,0.0,0.001,0.0
0.26,26.0,0260,1,-1.3005437850952148,0.0,1.9045902490615845,0.0,17.620975494384766,0.0,46.8764762878418,0.0,68.2389144897461,0.0,10.350350379943848,0.0,117.98361206054688,0.0,-1.3005437003151046,0.0,1.9045902410756808,0.0,1.6570094224533998,0.0,5.3188779028300255,0.0,32.680355072021484,0.0,4.522588205337525,0.0,7.195689039230347,0.0,-7.195689039230347,0.0,-8.57520793914795,0.0,-12.062935707092286,0.0,2.5944158455848694,0.0,5.126610862135888,0.0,6.290442071437836,0.0,9.56273582458496,0.0,6.290442071437836,0.0,9.56273582458496,0.0,0.01,0.0,0.001,0.0
0.265,26.5,0265,1,-1.2923953533172607,0.0,1.917125105857849,0.0,17.614540100097656,0.0,46.86232376098633,0.0,68.24215698242188,0.0,10.342487335205078,0.0,117.98361206054688,0.0,-1.292395400984259,0.0,1.9171251432810243,0.0,1.6573057196426206,0.0,5.345654687485552,0.0,32.680355072021484,0.0,4.560770988464356,0.0,7.218546543121338,0.0,-7.218546543121338,0.0,-8.698648052215576,0.0,-12.418706314086917,0.0,2.592174403655529,0.0,5.151098122477531,0.0,6.322054068565369,0.0,9.648027818202973,0.0,6.322054068565369,0.0,9.648027818202973,0.0,0.01,0.0,0.001,0.0
0.27,27.0,0270,1,-1.2844994068145752,0.0,1.9322857856750488,0.0,17.610931396484375,0.0,46.89083480834961,0.0,68.25818634033203,0.0,10.334914207458496,0.0,117.98361206054688,0.0,-1.2844994388017104,0.0,1.9322857311103632,0.0,1.6605587460681563,0.0,5.383666954934619,0.0,32.680355072021484,0.0,4.591252517700196,0.0,7.2191167831420895,0.0,-7.2191167831420895,0.0,-8.709881658554076,0.0,-12.566915399551393,0.0,2.5928765810251235,0.0,5.174550853729248,0.0,6.348686548709869,0.0,9.672972333431243,0.0,6.348686548709869,0.0,9.672972333431243,0.0,0.01,0.0,0.001,0.0
0.275,27.500000000000004,0275,1,-1.2771310806274414,0.0,1.9516136646270752,0.0,17.60403823852539,0.0,46.88650131225586,0.0,68.25982666015625,0.0,10.327536582946776,0.0,117.98361206054688,0.0,-1.2771310186356304,0.0,1.951613672700696,0.0,1.6639945601970425,0.0,5.439859566233581,0.0,32.680355072021484,0.0,4.601990604400635,0.0,7.321726703643799,0.0,-7.321726703643799,0.0,-8.735233526229859,0.0,-12.566999517440795,0.0,2.596287008666992,0.0,5.209606088399887,0.0,6.406920876502991,0.0,9.767813365459444,0.0,6.406920876502991,0.0,9.767813365459444,0.0,0.01,0.0,0.001,0.0
0.28,28.000000000000004,0280,1,-1.266116499900818,0.0,1.978397011756897,0.0,17.596343994140625,0.0,46.9103889465332,0.0,68.28226470947266,0.0,10.316672325134276,0.0,117.98361206054688,0.0,-1.266116469218902,0.0,1.9783970736922047,0.0,1.6650512091352545,0.0,5.517105894821219,0.0,32.680355072021484,0.0,4.587573909759521,0.0,7.347457304000854,0.0,-7.347457304000854,0.0,-8.873322219848633,0.0,-13.083539142608643,0.0,2.5933390247821806,0.0,5.234109924435615,0.0,6.472593996047974,0.0,10.0224382853508,0.0,6.472593996047974,0.0,10.0224382853508,0.0,0.01,0.0,0.001,0.0
0.285,28.499999999999996,0285,1,-1.2551921606063845,0.0,1.9896470308303835,0.0,17.587182998657227,0.0,46.90938949584961,0.0,68.29342651367188,0.0,10.306212425231934,0.0,117.98361206054688,0.0,-1.2551922515707463,0.0,1.989647012097816,0.0,1.6653932414602863,0.0,5.534202821153007,0.0,32.680355072021484,0.0,4.60085883140564,0.0,7.368754329681396,0.0,-7.368754329681396,0.0,-8.881815080642701,0.0,-14.002107334136962,0.0,2.588299197411537,0.0,5.241557017564774,0.0,6.491357431411744,0.0,10.045257353782654,0.0,6.491357431411744,0.0,10.045257353782654,0.0,0.01,0.0,0.001,0.0
0.29,28.999999999999996,0290,1,-1.2415364980697632,0.0,2.0101394653320312,0.0,17.57624053955078,0.0,46.90991973876953,0.0,68.2850570678711,0.0,10.292019844055176,0.0,117.98361206054688,0.0,-1.2415365602799833,0.0,2.010139492286184,0.0,1.6687128919745935,0.0,5.58207380896041,0.0,32.680355072021484,0.0,4.607894444465638,0.0,7.467925128936767,0.0,-7.467925128936767,0.0,-9.010681972503662,0.0,-14.002107334136962,0.0,2.586215144717693,0.0,5.267442465782166,0.0,6.544435240745544,0.0,10.156793422698977,0.0,6.544435240745544,0.0,10.156793422698977,0.0,0.01,0.0,0.001,0.0
0.295,29.5,0295,1,-1.2368767261505127,0.0,2.0413594245910645,0.0,17.58095359802246,0.0,46.91822814941406,0.0,68.23429870605469,0.0,10.287237167358398,0.0,117.98361206054688,0.0,-1.236876773156659,0.0,2.041359587534932,0.0,1.6755838246382448,0.0,5.697013117595216,0.0,32.75638198852539,0.0,4.627040672302246,0.0,7.529615230560302,0.0,-7.529615230560302,0.0,-9.010681972503662,0.0,-14.36511392402649,0.0,2.5958903324842453,0.0,5.311502800703049,0.0,6.623349590778351,0.0,10.376159777641297,0.0,6.623349590778351,0.0,10.376159777641297,0.0,0.01,0.0,0.001,0.0
0.3,30.0,0300,1,-1.2247450351715088,0.0,2.054826498031616,0.0,17.572078704833984,0.0,46.92953109741211,0.0,68.2497787475586,0.0,10.27479076385498,0.0,117.98361206054688,0.0,-1.22474499470189,0.0,2.0548263229669064,0.0,1.6757678501275162,0.0,5.722311519605029,0.0,32.75638198852539,0.0,4.65193772315979,0.0,7.615532093048095,0.0,-7.615532093048095,0.0,-9.08839834213257,0.0,-14.112351421356202,0.0,2.591458768928051,0.0,5.331180398464203,0.0,6.653249461174012,0.0,10.426249594688416,0.0,6.653249461174012,0.0,10.426249594688416,0.0,0.01,0.0,0.001,0.0
0.305,30.5,0305,1,-1.216691970825195,0.0,2.077073335647583,0.0,17.569915771484375,0.0,46.91016387939453,0.0,68.23493957519531,0.0,10.267276763916016,0.0,117.98361206054688,0.0,-1.2166920336016829,0.0,2.0770732912105987,0.0,1.6785487515933488,0.0,5.794572961690228,0.0,32.75638198852539,0.0,4.663360953330994,0.0,7.759318752288818,0.0,-7.759318752288818,0.0,-9.31979838848114,0.0,-14.235482942581177,0.0,2.592546259617805,0.0,5.371312927484512,0.0,6.725393239498138,0.0,10.625163950920104,0.0,6.725393239498138,0.0,10.625163950920104,0.0,0.01,0.0,0.001,0.0
0.31,31.0,0310,1,-1.206007957458496,0.0,2.096246719360352,0.0,17.560361862182617,0.0,46.91616439819336,0.0,68.26434326171875,0.0,10.257343292236328,0.0,117.98361206054688,0.0,-1.2060079471646543,0.0,2.0962466987871085,0.0,1.6823901293935222,0.0,5.848705390800154,0.0,32.75638198852539,0.0,4.720956826210022,0.0,7.801416435241699,0.0,-7.801416435241699,0.0,-9.362462062835691,0.0,-14.412410787582395,0.0,2.591384154379368,0.0,5.402591622591019,0.0,6.765896501541138,0.0,10.66758285999298,0.0,6.765896501541138,0.0,10.66758285999298,0.0,0.01,0.0,0.001,0.0
0.315,31.5,0315,1,-1.1876499652862549,0.0,2.1163721084594727,0.0,17.54446792602539,0.0,46.92931365966797,0.0,68.25061798095703,0.0,10.239593505859377,0.0,117.98361206054688,0.0,-1.187650000486997,0.0,2.1163720382139366,0.0,1.6811874509568645,0.0,5.889543127790577,0.0,32.75638198852539,0.0,4.692955780029297,0.0,7.854776029586792,0.0,-7.854776029586792,0.0,-9.381850662231445,0.0,-15.126598743438722,0.0,2.582496232259273,0.0,5.406733673095703,0.0,6.785970698833466,0.0,10.811083331108094,0.0,6.785970698833466,0.0,10.811083331108094,0.0,0.01,0.0,0.001,0.0
0.32,32.0,0320,1,-1.183500051498413,0.0,2.132797956466675,0.0,17.543094635009766,0.0,46.93272018432617,0.0,68.24154663085938,0.0,10.234938621520996,0.0,117.98361206054688,0.0,-1.1835000246573557,0.0,2.132797922488237,0.0,1.6857927180407186,0.0,5.949499286534099,0.0,32.75638198852539,0.0,4.728285646438598,0.0,7.932916374206543,0.0,-7.932916374206543,0.0,-9.440660667419433,0.0,-15.275803647994996,0.0,2.586428853034973,0.0,5.44238314473629,0.0,6.834430202960968,0.0,10.897134418487548,0.0,6.834430202960968,0.0,10.897134418487548,0.0,0.01,0.0,0.001,0.0
0.325,32.5,0325,1,-1.1770166158676147,0.0,2.1511096954345703,0.0,17.539539337158203,0.0,46.92642974853516,0.0,68.252197265625,0.0,10.22926139831543,0.0,117.98361206054688,0.0,-1.1770165804700137,0.0,2.151109627730719,0.0,1.6888511203548315,0.0,6.012640661217116,0.0,32.75638198852539,0.0,4.772912192344665,0.0,7.9553946590423585,0.0,-7.9553946590423585,0.0,-9.55696391582489,0.0,-15.63279571723938,0.0,2.588817550623417,0.0,5.485721767187118,0.0,6.899921796798706,0.0,10.990165872573852,0.0,6.899921796798706,0.0,10.990165872573852,0.0,0.01,0.0,0.001,0.0
0.33,33.0,0330,1,-1.1636463403701782,0.0,2.1708364486694336,0.0,17.528718948364258,0.0,46.92279815673828,0.0,68.22982788085938,0.0,10.216301918029783,0.0,117.98361206054688,0.0,-1.163646256322713,0.0,2.170836539139557,0.0,1.692420172673414,0.0,6.066603889517278,0.0,32.75638198852539,0.0,4.765317296981811,0.0,7.983862724304199,0.0,-7.983862724304199,0.0,-9.619239473342896,0.0,-16.119088552474974,0.0,2.5848631409168243,0.0,5.49312313580513,0.0,6.911043791770935,0.0,11.158553681373595,0.0,6.911043791770935,0.0,11.158553681373595,0.0,0.01,0.0,0.001,0.0
0.335,33.5,0335,1,-1.1606876850128174,0.0,2.192724227905273,0.0,17.536762237548828,0.0,46.93254852294922,0.0,68.22582244873047,0.0,10.213406562805176,0.0,117.98361206054688,0.0,-1.160687782330738,0.0,2.192724169082877,0.0,1.6980440935460352,0.0,6.1552354097320405,0.0,32.75638198852539,0.0,4.779293417930603,0.0,8.107794761657715,0.0,-8.107794761657715,0.0,-9.666778688430783,0.0,-16.274409614562988,0.0,2.5925605684280395,0.0,5.538931219935417,0.0,6.986627828598023,0.0,11.27785587310791,0.0,6.986627828598023,0.0,11.27785587310791,0.0,0.01,0.0,0.001,0.0
0.34,34.0,0340,1,-1.1481558084487915,0.0,2.205556154251098,0.0,17.525896072387695,0.0,46.92524337768555,0.0,68.211669921875,0.0,10.201374053955078,0.0,117.98361206054688,0.0,-1.148155820893493,0.0,2.2055561376064428,0.0,1.6979123944461545,0.0,6.182739665185059,0.0,32.75638198852539,0.0,4.811850547790527,0.0,8.1992378616333,0.0,-8.1992378616333,0.0,-9.970987539291382,0.0,-16.1415133228302,0.0,2.586125801956653,0.0,5.557649518847466,0.0,7.023387269973755,0.0,11.36551739692688,0.0,7.023387269973755,0.0,11.36551739692688,0.0,0.01,0.0,0.001,0.0
0.345,34.5,0345,1,-1.135880470275879,0.0,2.206039428710937,0.0,17.505477905273438,0.0,46.88641357421875,0.0,68.18704986572266,0.0,10.18852996826172,0.0,117.98361206054688,0.0,-1.1358805488532726,0.0,2.2060393832879823,0.0,1.696569648944129,0.0,6.1568343818808335,0.0,32.75638198852539,0.0,4.794223070144653,0.0,8.052732820510863,0.0,-8.052732820510863,0.0,-10.040741214752195,0.0,-15.632538314819335,0.0,2.5782310685038565,0.0,5.536334995627403,0.0,6.98422648525238,0.0,11.312952275276183,0.0,6.98422648525238,0.0,11.312952275276183,0.0,0.01,0.0,0.001,0.0
0.35,35.0,0350,1,-1.1365275382995603,0.0,2.223287343978882,0.0,17.51683235168457,0.0,46.887088775634766,0.0,68.18704986572266,0.0,10.189387321472168,0.0,117.98361206054688,0.0,-1.1365274611747092,0.0,2.2232873652463865,0.0,1.7009607979347665,0.0,6.234701378468449,0.0,32.75638198852539,0.0,4.787321519851685,0.0,8.111509895324707,0.0,-8.111509895324707,0.0,-10.11953748703003,0.0,-15.841239393234252,0.0,2.585825433474779,0.0,5.5762934223413465,0.0,7.05190407705307,0.0,11.472394757270813,0.0,7.05190407705307,0.0,11.472394757270813,0.0,0.01,0.0,0.001,0.0
0.355,35.5,0355,1,-1.1323068141937256,0.0,2.2549753189086914,0.0,17.517053604125977,0.0,46.89488983154297,0.0,68.18704986572266,0.0,10.18544578552246,0.0,117.98361206054688,0.0,-1.1323068859065843,0.0,2.254975501327102,0.0,1.70850681207771,0.0,6.36703339545688,0.0,34.12696838378906,0.0,4.815323734283448,0.0,8.272754917144775,0.0,-8.272754917144775,0.0,-10.134367427825929,0.0,-16.274409614562988,0.0,2.594620202887058,0.0,5.634743758440018,0.0,7.147132452487946,0.0,11.711307892799375,0.0,7.147132452487946,0.0,11.711307892799375,0.0,0.01,0.0,0.001,0.0
0.36,36.0,0360,1,-1.12245512008667,0.0,2.266659736633301,0.0,17.503555297851562,0.0,46.8902702331543,0.0,68.1899642944336,0.0,10.176212310791016,0.0,117.98361206054688,0.0,-1.122455085373503,0.0,2.266659783860096,0.0,1.7105786728958323,0.0,6.397651994449536,0.0,34.12696838378906,0.0,4.864429998397827,0.0,8.336371822357178,0.0,-8.336371822357178,0.0,-10.45170440196991,0.0,-16.290958841323853,0.0,2.592194821530581,0.0,5.656302567720413,0.0,7.189558913707733,0.0,11.726661014556884,0.0,7.189558913707733,0.0,11.726661014556884,0.0,0.01,0.0,0.001,0.0
0.365,36.5,0365,1,-1.1126538515090942,0.0,2.28583025932312,0.0,17.502742767333984,0.0,46.89802169799805,0.0,68.19007110595703,0.0,10.167263984680176,0.0,117.98361206054688,0.0,-1.1126538197364153,0.0,2.285830077009925,0.0,1.714024338782668,0.0,6.463017663537235,0.0,34.12696838378906,0.0,4.864014911651611,0.0,8.358691349029542,0.0,-8.358691349029542,0.0,-10.455488977432251,0.0,-16.324132713317873,0.0,2.5922550027906897,0.0,5.681092605710029,0.0,7.247198282718658,0.0,11.8385840177536,0.0,7.247198282718658,0.0,11.8385840177536,0.0,0.01,0.0,0.001,0.0
0.37,37.0,0370,1,-1.107391357421875,0.0,2.299072265625,0.0,17.505958557128906,0.0,46.90435028076172,0.0,68.19380187988281,0.0,10.162714958190918,0.0,117.98361206054688,0.0,-1.1073912945156876,0.0,2.299072368693105,0.0,1.7203044085483492,0.0,6.512049235657255,0.0,34.12696838378906,0.0,4.861544799804688,0.0,8.476386890411376,0.0,-8.476386890411376,0.0,-10.455488977432251,0.0,-16.290958841323853,0.0,2.597282782638073,0.0,5.7091318885087965,0.0,7.278683350086212,0.0,11.862234048843384,0.0,7.278683350086212,0.0,11.862234048843384,0.0,0.01,0.0,0.001,0.0
0.375,37.5,0375,1,-1.1060519218444824,0.0,2.3174750804901123,0.0,17.509965896606445,0.0,46.904483795166016,0.0,68.1767349243164,0.0,10.160541534423828,0.0,117.98361206054688,0.0,-1.106051886927239,0.0,2.317474930614277,0.0,1.724958637267347,0.0,6.594040830600956,0.0,34.12696838378906,0.0,4.883651685714722,0.0,8.487985134124756,0.0,-8.487985134124756,0.0,-10.592724161148071,0.0,-17.160600263595583,0.0,2.6038663704395293,0.0,5.755360414624215,0.0,7.344577749252319,0.0,12.02833489894867,0.0,7.344577749252319,0.0,12.02833489894867,0.0,0.01,0.0,0.001,0.0
0.38,38.0,0380,1,-1.0948623418807983,0.0,2.3344123363494877,0.0,17.502294540405273,0.0,46.91813278198242,0.0,68.17298126220703,0.0,10.149462699890137,0.0,117.98361206054688,0.0,-1.0948623238225137,0.0,2.334412363222772,0.0,1.726928259229627,0.0,6.648204589693359,0.0,34.12696838378906,0.0,4.920907211303711,0.0,8.558578300476075,0.0,-8.558578300476075,0.0,-10.582680854797363,0.0,-17.61753388595581,0.0,2.601954621762037,0.0,5.78394165790081,0.0,7.382082501411438,0.0,12.1083255815506,0.0,7.382082501411438,0.0,12.1083255815506,0.0,0.01,0.0,0.001,0.0
0.385,38.5,0385,1,-1.0889511108398438,0.0,2.344904899597168,0.0,17.49913787841797,0.0,46.921875,0.0,68.20145416259766,0.0,10.143715858459473,0.0,117.98361206054688,0.0,-1.0889510676127847,0.0,2.3449050209732,0.0,1.7304172096700163,0.0,6.684393985040346,0.0,34.12696838378906,0.0,4.923353457450866,0.0,8.620852165222168,0.0,-8.620852165222168,0.0,-10.671039152145386,0.0,-16.669303129196166,0.0,2.6022274423778056,0.0,5.803011479735375,0.0,7.426620944023132,0.0,12.12895661830902,0.0,7.426620944023132,0.0,12.12895661830902,0.0,0.01,0.0,0.001,0.0
0.39,39.0,0390,1,-1.0910968780517578,0.0,2.3782010078430176,0.0,17.5101318359375,0.0,46.94389343261719,0.0,68.19933319091797,0.0,10.146170616149902,0.0,117.98361206054688,0.0,-1.0910969087123918,0.0,2.378200913394948,0.0,1.7410340091366134,0.0,6.846332048674303,0.0,35.63288116455078,0.0,5.013669204711914,0.0,8.709877548217774,0.0,-8.709877548217774,0.0,-10.71546097755432,0.0,-17.160600263595583,0.0,2.6172081292510034,0.0,5.880136519312859,0.0,7.533612869262695,0.0,12.349718942642212,0.0,7.533612869262695,0.0,12.349718942642212,0.0,0.01,0.0,0.001,0.0
0.395,39.5,0395,1,-1.0792523622512815,0.0,2.3855226039886475,0.0,17.497238159179688,0.0,46.95155334472656,0.0,68.23249816894531,0.0,10.13438892364502,0.0,117.98361206054688,0.0,-1.0792523696632754,0.0,2.385522687872175,0.0,1.7406955006222171,0.0,6.8555041717766825,0.0,35.63288116455078,0.0,4.995874691009521,0.0,8.72900707244873,0.0,-8.72900707244873,0.0,-10.748584270477297,0.0,-17.61753388595581,0.0,2.609888067907095,0.0,5.870113749265671,0.0,7.547845848560334,0.0,12.418681950569152,0.0,7.547845848560334,0.0,12.418681950569152,0.0,0.01,0.0,0.001,0.0
0.4,40.0,0400,1,-1.0683752298355105,0.0,2.4052443504333496,0.0,17.49172592163086,0.0,46.94923400878906,0.0,68.25016784667969,0.0,10.124011993408203,0.0,117.98361206054688,0.0,-1.0683752680204042,0.0,2.405244382345868,0.0,1.744400373804958,0.0,6.926626252124024,0.0,35.63288116455078,0.0,5.008305549621582,0.0,8.864656314849853,0.0,-8.864656314849853,0.0,-11.086523523330689,0.0,-17.61753388595581,0.0,2.60926973837018,0.0,5.904986501336098,0.0,7.600940721035004,0.0,12.55188364505768,0.0,7.600940721035004,0.0,12.55188364505768,0.0,0.01,0.0,0.001,0.0
